County,Population,MalePov18to24,MalePov25to34,FemalePov18to24,FemalePov25to34
Texas,25923852,272256,230716,348755,372325
Texas -- Urban,22064431,249752,208777,318551,333819
Texas -- Not in metropolitan or micropolitan statistical area,1336742,9625,10502,14000,17082
"Gonzales County, Texas",19766,232,176,217,388
"Joaquin city, Texas",913,9,7,7,17
"Johnson City city, Texas",1677,16,16,0,27
"Jolly city, Texas",162,0,0,0,0
"Jones Creek village, Texas",2498,39,34,10,22
"Jonestown city, Texas",1939,18,0,25,0
"Josephine city, Texas",809,0,0,3,0
"Joshua city, Texas",5954,41,87,55,73
"Jourdanton city, Texas",4044,0,0,44,73
"Juarez CDP, Texas",294,0,0,0,0
"Junction city, Texas",2577,23,43,68,92
"Gray County, Texas",21262,169,159,228,268
"Justin city, Texas",3207,45,27,27,19
"Karnes City city, Texas",2851,13,102,60,89
"Katy city, Texas",15564,30,76,300,62
"Kaufman city, Texas",6437,50,89,161,177
"K-Bar Ranch CDP, Texas",701,0,12,0,0
"Keene city, Texas",5632,90,10,64,192
"Keller city, Texas",42796,41,46,50,139
"Kemah city, Texas",2118,6,7,0,13
"Kemp city, Texas",1443,7,7,45,18
"Kempner city, Texas",1326,0,3,6,18
"Grayson County, Texas",119943,1262,890,1301,1591
"Kendleton city, Texas",296,6,0,9,7
"Kenedy city, Texas",3299,93,77,26,112
"Kenefick town, Texas",485,0,0,0,0
"Kennard city, Texas",343,7,8,2,3
"Kennedale city, Texas",7212,0,68,54,1
"Kerens city, Texas",1581,5,1,0,41
"Kermit city, Texas",6048,9,26,55,94
"Kerrville city, Texas",21257,385,67,235,287
"Kilgore city, Texas",13717,119,2,374,159
"Killeen city, Texas",135967,754,1657,1404,2652
"Gregg County, Texas",119422,1370,882,1929,2025
"Kingsbury CDP, Texas",799,0,0,7,9
"Kingsland CDP, Texas",6661,56,7,98,82
"Kingsville city, Texas",24451,985,476,1154,563
"Kirby city, Texas",8332,6,23,71,33
"Kirbyville city, Texas",2307,38,0,68,25
"Kirvin town, Texas",117,0,0,0,0
"Knippa CDP, Texas",788,22,15,10,43
"Knollwood city, Texas",394,2,0,9,15
"Knox City town, Texas",1127,0,0,0,2
"Kosse town, Texas",378,11,1,9,6
"Grimes County, Texas",23719,94,270,358,339
"Kountze city, Texas",1976,0,14,16,28
"Kress city, Texas",623,0,0,7,3
"Krugerville city, Texas",1555,0,0,2,0
"Krum city, Texas",4625,27,0,23,16
"Kurten town, Texas",341,2,14,7,4
"Kyle city, Texas",31559,40,103,55,350
"La Blanca CDP, Texas",2421,76,0,66,33
"La Carla CDP, Texas",120,0,0,33,0
"La Casita CDP, Texas",0,0,0,0,0
"La Chuparosa CDP, Texas",0,0,0,0,0
"Guadalupe County, Texas",141379,619,704,1056,1072
"Lackland AFB CDP, Texas",1607,0,4,4,0
"La Coma CDP, Texas",25,0,0,0,0
"LaCoste city, Texas",1299,3,0,0,5
"Lacy-Lakeview city, Texas",6561,181,88,107,184
"Ladonia town, Texas",537,0,3,24,10
"La Escondida CDP, Texas",23,7,0,0,0
"La Esperanza CDP, Texas",30,0,0,0,0
"La Feria city, Texas",7325,107,62,54,120
"La Feria North CDP, Texas",86,0,0,0,0
"Lago CDP, Texas",126,0,0,0,0
"Hale County, Texas",32816,366,347,539,580
"Lago Vista CDP, Texas",134,0,0,0,6
"Lago Vista city, Texas",6409,0,0,0,0
"La Grange city, Texas",4569,10,52,70,93
"La Grulla city, Texas",1319,21,25,23,9
"Laguna Heights CDP, Texas",3240,42,39,13,184
"Laguna Park CDP, Texas",1446,0,0,0,0
"Laguna Seca CDP, Texas",383,0,0,0,4
"Laguna Vista town, Texas",3211,12,51,46,57
"La Homa CDP, Texas",13368,340,141,317,242
"La Joya city, Texas",4183,10,0,80,67
"Hall County, Texas",3143,59,45,28,23
"Lake Bridgeport city, Texas",422,3,5,0,10
"Lake Brownwood CDP, Texas",1264,0,9,0,29
"Lake Bryan CDP, Texas",2253,19,44,42,49
"Lake Cherokee CDP, Texas",2665,14,55,18,10
"Lake City town, Texas",442,8,0,2,17
"Lake Colorado City CDP, Texas",514,4,0,8,2
"Lake Dallas city, Texas",7465,14,50,0,98
"Lake Dunlap CDP, Texas",2688,28,0,0,9
"Lakehills CDP, Texas",4900,28,49,13,112
"Lake Jackson city, Texas",27250,239,121,154,337
"Hamilton County, Texas",8000,67,30,52,37
"Lake Kiowa CDP, Texas",2522,62,0,0,0
"Lake Medina Shores CDP, Texas",896,0,0,0,0
"Lake Meredith Estates CDP, Texas",146,0,0,0,0
"Lakeport city, Texas",1097,0,0,12,15
"Lakeshore Gardens-Hidden Acres CDP, Texas",845,0,75,10,0
"Lakeside town (San Patricio County), Texas",294,0,0,0,0
"Lakeside town (Tarrant County), Texas",1592,0,0,0,3
"Lakeside City town, Texas",1036,0,0,6,0
"Lake Tanglewood village, Texas",692,0,6,2,7
"Lakeview town, Texas",89,0,0,0,0
"Hansford County, Texas",5484,13,17,31,74
"Lake View CDP, Texas",127,0,0,0,0
"Lakeway city, Texas",13128,7,36,7,57
"Lakewood Village city, Texas",581,0,0,0,0
"Lake Worth city, Texas",4555,0,19,0,79
"La Loma de Falcon CDP, Texas",115,8,0,0,7
"Lamar CDP, Texas",1040,0,0,4,3
"La Marque city, Texas",15154,84,89,150,297
"Lamesa city, Texas",9282,35,29,123,114
"La Minita CDP, Texas",127,0,0,0,0
"Lampasas city, Texas",6902,123,40,143,99
Texas -- Not in metropolitan statistical area,2862511,28771,23909,40101,40346
"Hardeman County, Texas",3964,16,38,7,50
"Lancaster city, Texas",37581,229,241,539,553
"Lantana CDP, Texas",8585,17,0,0,0
"La Paloma CDP, Texas",2704,0,0,0,0
"La Paloma Addition CDP, Texas",101,18,0,0,0
"La Paloma-Lost Creek CDP, Texas",631,0,15,0,13
"La Paloma Ranchettes CDP, Texas",497,0,0,22,26
"La Porte city, Texas",34610,198,150,186,341
"La Presa CDP, Texas",330,9,0,27,14
"La Pryor CDP, Texas",1568,36,11,20,41
"La Puerta CDP, Texas",391,25,0,0,0
"Hardin County, Texas",54869,205,129,312,609
"Laredo city, Texas",244816,3722,3463,4736,5712
"Laredo Ranchettes CDP, Texas",58,7,0,0,0
"Laredo Ranchettes West CDP, Texas",0,0,0,0,0
"La Rosita CDP, Texas",106,0,0,0,0
"Lasana CDP, Texas",67,0,0,0,0
"Lasara CDP, Texas",994,40,32,25,34
"Las Haciendas CDP, Texas",0,0,0,0,0
"Las Lomas CDP, Texas",3743,131,241,128,130
"Las Lomitas CDP, Texas",312,0,0,0,0
"Las Palmas CDP, Texas",17,0,0,0,0
"Harris County, Texas",4312204,37551,44220,49791,69554
"Las Palmas II CDP, Texas",1765,52,28,97,117
"Las Pilas CDP, Texas",0,0,0,0,0
"Las Quintas Fronterizas CDP, Texas",2251,29,40,185,0
"Latexo city, Texas",332,1,2,0,10
"La Tina Ranch CDP, Texas",730,54,0,30,107
"Laughlin AFB CDP, Texas",1724,31,0,7,0
"Laureles CDP, Texas",5087,127,252,226,94
"La Vernia city, Texas",1387,0,3,14,0
"La Victoria CDP, Texas",91,0,0,0,0
"La Villa city, Texas",2497,39,69,52,42
"Harrison County, Texas",64919,504,498,588,893
"Lavon city, Texas",2507,0,6,4,0
"La Ward city, Texas",190,0,0,0,0
"Lawn town, Texas",326,0,9,2,5
"League City city, Texas",90931,100,315,183,497
"Leakey city, Texas",633,7,2,14,0
"Leander city, Texas",31974,16,55,70,137
"Leary city, Texas",690,14,6,0,15
"Lefors town, Texas",374,0,9,2,3
"Leming CDP, Texas",680,0,0,19,0
"Leona city, Texas",167,0,0,5,0
"Hartley County, Texas",4624,6,16,14,35
"Leonard city, Texas",2135,7,20,30,21
"Leon Valley city, Texas",10790,0,77,85,115
"Leroy city, Texas",376,0,1,0,1
"Levelland city, Texas",13111,163,134,319,114
"Lewisville city, Texas",100610,462,518,564,1203
"Lexington town, Texas",1301,26,45,44,16
"Liberty city, Texas",8335,127,111,0,166
"Liberty City CDP, Texas",2157,0,0,48,0
"Liberty Hill city, Texas",1140,0,11,3,58
"Lincoln Park town, Texas",278,0,3,1,6
"Haskell County, Texas",5021,3,49,15,111
"Lindale city, Texas",5203,17,64,0,138
"Linden city, Texas",2097,42,55,39,64
"Lindsay city, Texas",1103,2,0,3,2
"Lindsay CDP, Texas",351,0,7,39,16
"Linn CDP, Texas",562,5,8,0,17
"Lipan city, Texas",509,3,1,8,15
"Lipscomb CDP, Texas",19,0,0,0,0
"Little Elm city, Texas",32543,120,98,27,140
"Littlefield city, Texas",6174,55,72,89,189
"Little River-Academy city, Texas",1909,6,3,35,15
"Hays County, Texas",170468,5231,1741,5977,2211
"Live Oak city, Texas",14649,98,56,54,281
"Liverpool city, Texas",375,0,0,2,0
"Livingston town, Texas",4935,102,12,82,95
"Llano city, Texas",3208,42,82,71,64
"Llano Grande CDP, Texas",3019,16,47,0,87
"Lockhart city, Texas",11457,27,35,40,136
"Lockney town, Texas",1786,37,24,8,24
"Log Cabin city, Texas",572,4,2,0,4
"Lolita CDP, Texas",571,0,0,0,0
"Loma Grande CDP, Texas",20,0,0,0,0
"Hemphill County, Texas",4068,14,26,5,42
"Loma Linda CDP, Texas",60,0,0,0,0
"Loma Linda East CDP (Jim Wells County), Texas",302,0,0,0,0
"Loma Linda East CDP (Starr County), Texas",0,0,0,0,0
"Loma Linda West CDP, Texas",163,0,0,0,0
"Loma Vista CDP, Texas",252,0,0,0,0
"Lometa city, Texas",982,15,21,28,29
"Lone Oak city, Texas",577,3,4,0,0
"Lone Star city, Texas",1557,15,6,67,14
"Longoria CDP, Texas",0,0,0,0,0
"Longview city, Texas",79301,985,557,937,1491
"Henderson County, Texas",77507,498,738,685,1066
"Loop CDP, Texas",332,1,0,0,0
"Lopeño CDP, Texas",0,0,0,0,0
"Lopezville CDP, Texas",4217,0,92,83,71
"Loraine town, Texas",561,5,6,2,17
"Lorena city, Texas",1866,29,4,14,31
"Lorenzo city, Texas",1160,8,7,29,39
"Los Altos CDP, Texas",109,0,0,0,10
"Los Alvarez CDP, Texas",374,0,0,0,0
"Los Angeles CDP, Texas",157,0,0,0,0
"Los Arcos CDP, Texas",60,0,0,0,0
"Hidalgo County, Texas",809092,14074,12987,17689,18725
"Los Arrieros CDP, Texas",40,0,0,0,0
"Los Barreras CDP, Texas",174,0,0,0,0
"Los Centenarios CDP, Texas",0,0,0,0,0
"Los Corralitos CDP, Texas",64,0,0,0,0
"Los Ebanos CDP (Hidalgo County), Texas",197,0,0,0,0
"Los Ebanos CDP (Starr County), Texas",356,0,0,0,7
"Los Fresnos city, Texas",6255,150,58,132,111
"Los Fresnos CDP, Texas",61,0,0,0,0
"Los Huisaches CDP, Texas",27,0,0,0,0
"Los Indios town, Texas",1222,15,19,38,8
"Anderson County, Texas",44783,713,309,615,501
"Hill County, Texas",33905,144,407,509,402
"Los Lobos CDP, Texas",0,0,0,0,0
"Los Minerales CDP, Texas",33,0,0,0,0
"Los Nopalitos CDP, Texas",94,0,0,9,0
"Lost Creek CDP, Texas",4570,18,16,0,0
"Los Veteranos I CDP, Texas",0,0,0,0,0
"Los Veteranos II CDP, Texas",65,0,0,0,0
"Los Ybanez city, Texas",11,0,5,0,0
"Lott city, Texas",845,22,12,53,0
"Louise CDP, Texas",599,0,13,0,30
"Lovelady city, Texas",539,0,17,5,15
"Hockley County, Texas",22569,219,182,418,246
"Lowry Crossing city, Texas",1743,0,3,7,0
"Lozano CDP, Texas",593,27,0,0,22
"Lubbock city, Texas",229843,9001,2649,8430,3379
"Lucas city, Texas",6217,0,29,3,39
"Lueders city, Texas",141,0,0,0,0
"Lufkin city, Texas",34803,440,513,567,943
"Luling city, Texas",5435,152,0,145,40
"Lumberton city, Texas",12134,21,47,0,51
"Lyford city, Texas",2597,71,28,78,67
"Lytle city, Texas",2843,10,11,0,26
"Hood County, Texas",52446,394,325,378,508
"Mabank town, Texas",3291,19,12,40,89
"McAllen city, Texas",135482,1707,1905,2868,2403
"McCamey city, Texas",1866,46,32,27,61
"McDade CDP, Texas",913,26,0,0,22
"Macdona CDP, Texas",285,0,0,0,0
"McGregor city, Texas",4896,86,0,43,44
"McKinney city, Texas",148293,668,546,792,788
"McKinney Acres CDP, Texas",1086,11,0,13,0
"McLean town, Texas",906,0,9,31,11
"McLendon-Chisholm city, Texas",1655,0,0,6,0
"Hopkins County, Texas",35112,218,379,511,697
"McQueeney CDP, Texas",2480,11,1,1,0
"Madisonville city, Texas",4372,32,40,77,41
"Magnolia city, Texas",1566,11,14,18,46
"Malakoff city, Texas",2891,8,40,57,105
"Malone town, Texas",287,0,1,0,7
"Manchaca CDP, Texas",1427,45,1,0,0
"Manor city, Texas",6425,75,87,200,73
"Mansfield city, Texas",61117,277,181,190,174
"Manuel Garcia CDP, Texas",310,0,0,19,0
"Manuel Garcia II CDP, Texas",232,0,0,0,0
"Houston County, Texas",19663,221,101,408,309
"Manvel city, Texas",6655,82,101,0,88
"Marathon CDP, Texas",546,0,0,0,0
"Marble Falls city, Texas",6137,25,72,7,101
"Marfa city, Texas",1916,0,0,15,35
"Marietta town, Texas",109,4,0,0,0
"Marion city, Texas",1024,0,0,0,11
"Markham CDP, Texas",1236,0,25,0,26
"Marlin city, Texas",5159,104,34,68,79
"Marquez city, Texas",276,0,0,4,2
"Marshall city, Texas",22444,185,141,250,413
"Howard County, Texas",30619,278,103,323,497
"Mart city, Texas",1994,27,24,40,51
"Martindale city, Texas",1341,0,13,9,30
"Martinez CDP, Texas",0,0,0,0,0
"Mason city, Texas",1856,22,31,0,13
"Matador town, Texas",541,19,7,5,0
"Matagorda CDP, Texas",335,9,0,0,0
"Mathis city, Texas",4913,102,14,135,94
"Maud city, Texas",1025,6,2,0,28
"Mauriceville CDP, Texas",3125,14,39,0,34
"Maypearl city, Texas",694,0,0,0,0
"Hudspeth County, Texas",2959,22,35,63,87
"Meadow town, Texas",795,5,4,3,31
"Meadowlakes city, Texas",2051,0,0,0,0
"Meadows Place city, Texas",4689,8,10,33,0
"Medina CDP, Texas",4913,356,157,183,306
"Megargel town, Texas",224,0,0,0,0
"Melissa city, Texas",6175,0,0,39,0
"Melvin town, Texas",181,5,2,0,0
"Memphis city, Texas",2159,46,40,21,8
"Menard city, Texas",1574,2,18,27,0
"Mentone CDP, Texas",37,0,0,0,0
"Hunt County, Texas",85135,1228,878,1312,1182
"Mercedes city, Texas",16417,172,203,350,410
"Meridian city, Texas",1612,20,9,56,47
"Merkel town, Texas",2542,39,7,52,8
"Mertens town, Texas",140,0,0,0,0
"Mertzon city, Texas",811,13,7,6,12
"Mesquite city, Texas",142597,1361,1093,1241,2547
"Mesquite CDP, Texas",650,0,0,9,0
"Mexia city, Texas",7052,109,195,95,190
"Miami city, Texas",608,0,0,0,1
"Midland city, Texas",122321,588,430,1184,1332
"Hutchinson County, Texas",21684,85,211,312,345
"Midlothian city, Texas",20661,25,95,22,141
"Midway city, Texas",343,1,0,0,0
"Midway North CDP, Texas",5024,188,164,150,97
"Midway South CDP, Texas",2732,106,0,34,72
"Miguel Barrera CDP, Texas",260,0,0,0,0
"Mikes CDP, Texas",879,14,34,54,48
"Mila Doce CDP, Texas",6225,103,94,308,223
"Milam CDP, Texas",1374,43,0,47,52
"Milano city, Texas",445,0,7,11,11
"Mildred town, Texas",503,1,5,0,12
"Irion County, Texas",1644,14,7,6,12
"Miles city, Texas",1086,28,0,7,0
"Milford town, Texas",669,0,7,4,9
"Miller's Cove town, Texas",190,0,6,4,10
"Millican town, Texas",265,0,1,2,4
"Millsap town, Texas",443,9,3,11,7
"Mineola city, Texas",4396,14,48,33,136
"Mineral Wells city, Texas",14562,273,132,260,242
"Mingus city, Texas",303,0,0,6,21
"Mi Ranchito Estate CDP, Texas",106,0,0,0,0
"Mirando City CDP, Texas",382,11,6,7,10
"Andrews County, Texas",16578,99,65,154,164
"Jack County, Texas",7693,101,75,89,68
"Mission city, Texas",81308,1029,645,1722,1353
"Mission Bend CDP, Texas",36711,324,199,342,274
"Missouri City city, Texas",70243,202,117,106,235
"Mobeetie city, Texas",156,0,0,0,2
"Mobile City city, Texas",291,2,7,6,12
"Monahans city, Texas",7234,107,92,62,161
"Montague CDP, Texas",248,0,3,0,5
"Mont Belvieu city, Texas",4585,0,0,0,51
"Monte Alto CDP, Texas",1836,19,43,91,84
"Montgomery city, Texas",744,4,8,9,8
"Jackson County, Texas",14196,49,80,117,117
"Moody city, Texas",1628,41,11,6,22
"Moore CDP, Texas",404,45,10,19,0
"Moore Station city, Texas",247,0,7,22,4
"Moraida CDP, Texas",194,0,0,0,0
"Morales-Sanchez CDP, Texas",46,0,0,0,0
"Moran city, Texas",347,6,0,3,6
"Morgan city, Texas",605,5,7,12,11
"Morgan Farm CDP, Texas",348,0,0,0,0
"Morgan's Point city, Texas",271,0,0,4,0
"Morgan's Point Resort city, Texas",4200,22,29,14,69
"Jasper County, Texas",34742,336,137,492,379
"Morning Glory CDP, Texas",423,0,0,0,22
"Morse CDP, Texas",201,0,6,1,7
"Morton city, Texas",1831,29,12,22,63
"Moulton town, Texas",881,0,10,26,5
"Mountain City city, Texas",771,0,0,0,0
"Mount Calm city, Texas",259,4,6,0,0
"Mount Enterprise city, Texas",429,4,0,9,2
"Mount Pleasant city, Texas",15626,176,135,120,285
"Mount Vernon town, Texas",2644,25,28,30,59
"Muenster city, Texas",1540,4,7,27,0
"Jeff Davis County, Texas",2169,0,0,0,0
"Muleshoe city, Texas",5170,0,21,25,18
"Mullin town, Texas",136,4,4,0,0
"Munday city, Texas",1333,0,2,33,32
"Muniz CDP, Texas",1645,44,31,38,0
"Murchison city, Texas",518,0,2,3,5
"Murillo CDP, Texas",7374,99,101,128,166
"Murphy city, Texas",19660,84,0,27,17
"Mustang town, Texas",15,0,3,0,2
"Mustang Ridge city, Texas",1232,0,6,15,13
"Myrtle Springs CDP, Texas",473,0,52,0,0
"Jefferson County, Texas",236828,2317,2452,3621,4321
"Nacogdoches city, Texas",28488,1280,522,1748,603
"Naples city, Texas",1438,26,23,13,26
"Narciso Pena CDP, Texas",0,0,0,0,0
"Nash city, Texas",3083,31,46,166,68
"Nassau Bay city, Texas",4016,9,18,9,0
"Natalia city, Texas",1398,0,24,13,48
"Navarro town, Texas",267,0,4,1,0
"Navasota city, Texas",7064,29,97,60,177
"Nazareth city, Texas",281,0,0,0,0
"Nederland city, Texas",17057,32,62,96,50
"Jim Hogg County, Texas",5216,42,106,45,20
"Needville city, Texas",2962,0,44,0,0
"Nesbitt town, Texas",174,0,1,1,0
"Netos CDP, Texas",17,0,0,0,0
"Nevada city, Texas",1037,6,0,9,15
"Newark city, Texas",1108,2,14,23,21
"New Berlin city, Texas",535,0,0,0,0
"New Boston city, Texas",4622,51,90,98,61
"New Braunfels city, Texas",63213,181,250,600,444
"Newcastle city, Texas",485,8,0,0,19
"New Chapel Hill city, Texas",657,1,0,11,9
"Jim Wells County, Texas",40983,335,328,704,694
"New Deal town, Texas",866,0,3,6,9
"New Fairview city, Texas",1001,6,5,0,3
"New Falcon CDP, Texas",223,0,49,0,30
"New Home city, Texas",386,6,8,0,7
"New Hope town, Texas",775,2,12,2,7
"New London city, Texas",1177,0,29,5,24
"New Summerfield city, Texas",1351,16,39,31,33
"New Territory CDP, Texas",15494,23,55,0,49
"Newton city, Texas",1896,81,6,10,38
"New Waverly city, Texas",1335,35,12,50,58
"Johnson County, Texas",152222,804,835,1252,1486
"Neylandville town, Texas",111,1,0,2,0
"Niederwald city, Texas",601,2,7,9,8
"Nina CDP, Texas",274,19,0,10,0
"Nixon city, Texas",2499,11,51,21,57
"Nocona city, Texas",2928,57,72,48,76
"Nocona Hills CDP, Texas",738,0,0,0,2
"Nolanville city, Texas",4533,14,107,17,260
"Nome city, Texas",448,0,0,9,0
"Noonday city, Texas",708,0,0,5,7
"Nordheim city, Texas",250,0,0,0,3
"Jones County, Texas",12520,41,44,159,300
"Normangee town, Texas",576,3,15,5,7
"Normanna CDP, Texas",101,0,0,0,0
"North Alamo CDP, Texas",4095,0,61,19,55
"North Cleveland city, Texas",163,0,1,0,1
"North Escobares CDP, Texas",245,0,0,0,0
"Northlake town, Texas",2643,2,13,36,33
"North Pearsall CDP, Texas",963,0,0,0,38
"North Richland Hills city, Texas",66641,218,219,543,356
"Northridge CDP, Texas",0,0,0,0,0
"North San Pedro CDP, Texas",589,0,12,11,40
"Karnes County, Texas",12143,106,254,95,277
"Novice city, Texas",80,0,0,0,0
"Oak Grove town, Texas",862,0,0,4,3
"Oakhurst CDP, Texas",481,0,0,0,0
"Oak Island CDP, Texas",282,0,0,0,0
"Oak Leaf city, Texas",1428,3,0,10,0
"Oak Point city, Texas",3107,7,0,17,0
"Oak Ridge town (Cooke County), Texas",126,0,0,0,0
"Oak Ridge town (Kaufman County), Texas",454,0,0,1,0
"Oak Ridge North city, Texas",3106,9,0,1,1
"Oak Trail Shores CDP, Texas",2880,0,42,109,0
"Angelina County, Texas",85186,616,866,1005,1610
"Kaufman County, Texas",107490,443,605,784,1199
"Oak Valley town, Texas",444,0,0,5,2
"Oakwood town, Texas",515,0,9,0,4
"O'Brien city, Texas",116,0,0,0,0
"Odem city, Texas",2671,0,25,23,52
"Odessa city, Texas",109505,915,442,1589,1086
"O'Donnell city, Texas",982,0,4,19,31
"Oglesby city, Texas",590,0,0,0,24
"Oilton CDP, Texas",362,0,6,0,0
"Old River-Winfree city, Texas",1894,3,9,4,62
"Olivarez CDP, Texas",3800,160,57,160,115
"Kendall County, Texas",36903,49,51,131,195
"Olivia Lopez de Gutierrez CDP, Texas",0,0,0,0,0
"Olmito CDP, Texas",948,46,0,0,27
"Olmito and Olmito CDP, Texas",275,0,0,7,0
"Olmos Park city, Texas",1990,10,0,0,4
"Olney city, Texas",3148,9,0,71,59
"Olton city, Texas",1772,24,15,42,24
"Omaha city, Texas",899,15,13,6,13
"Onalaska city, Texas",1709,2,12,41,57
"Opdyke West town, Texas",101,4,0,6,5
"Orange city, Texas",18395,312,142,391,285
"Kenedy County, Texas",565,20,7,9,12
"Orange Grove city, Texas",1422,0,17,26,27
"Orason CDP, Texas",106,0,0,0,0
"Orchard city, Texas",322,0,0,8,10
"Ore City city, Texas",981,9,0,27,8
"Overton city, Texas",2268,22,35,12,40
"Ovilla city, Texas",3598,0,10,0,21
"Owl Ranch CDP, Texas",126,0,0,0,0
"Oyster Creek city, Texas",1070,12,20,6,21
"Ozona CDP, Texas",3050,57,0,41,23
"Pablo Pena CDP, Texas",0,0,0,0,0
"Kent County, Texas",769,0,4,4,5
"Paducah town, Texas",1204,4,0,1,36
"Paint Rock town, Texas",350,2,0,5,4
"Paisano Park CDP, Texas",81,0,0,0,0
"Palacios city, Texas",4618,0,11,67,96
"Palestine city, Texas",18074,435,161,308,307
"Palisades village, Texas",286,2,0,0,0
"Palmer town, Texas",2284,7,20,35,23
"Palmhurst city, Texas",2630,0,49,11,0
"Palm Valley city, Texas",1695,0,4,0,3
"Palmview city, Texas",5626,139,42,35,110
"Kerr County, Texas",48516,587,298,412,567
"Palmview South CDP, Texas",5476,103,58,72,123
"Palo Blanco CDP, Texas",170,0,0,11,0
"Paloma Creek CDP, Texas",3780,0,0,0,85
"Paloma Creek South CDP, Texas",5141,0,0,0,33
"Palo Pinto CDP, Texas",112,0,0,0,0
"Pampa city, Texas",17915,169,139,190,252
"Panhandle town, Texas",2494,0,16,12,23
"Panorama Village city, Texas",2013,0,0,18,4
"Pantego town, Texas",2437,4,26,0,26
"Paradise city, Texas",415,0,0,0,2
"Kimble County, Texas",4420,23,43,68,92
"Paris city, Texas",24321,290,217,495,678
"Parker city, Texas",4118,0,0,0,34
"Pasadena city, Texas",151760,1467,1861,2024,2779
"Pattison city, Texas",586,0,0,0,7
"Patton Village city, Texas",1925,15,35,42,11
"Pawnee CDP, Texas",168,0,0,0,0
"Payne Springs town, Texas",626,6,5,6,20
"Pearland city, Texas",101177,227,155,268,367
"Pearsall city, Texas",7841,108,83,121,246
"Pecan Acres CDP, Texas",5432,0,0,18,14
"King County, Texas",267,0,0,0,1
"Pecan Gap city, Texas",231,6,0,0,1
"Pecan Grove CDP, Texas",16399,10,46,19,41
"Pecan Hill city, Texas",761,7,3,3,6
"Pecan Plantation CDP, Texas",5755,16,0,0,0
"Pecos city, Texas",8896,34,6,68,63
"Pelican Bay city, Texas",1861,29,40,56,62
"Pena CDP, Texas",185,13,0,0,0
"Penelope town, Texas",204,0,0,1,2
"Penitas city, Texas",4551,102,97,63,61
"Perezville CDP, Texas",4680,26,46,137,46
"Kinney County, Texas",3221,9,31,38,45
"Perrin CDP, Texas",415,0,0,16,0
"Perryton city, Texas",9298,39,35,156,147
"Petersburg city, Texas",1134,5,5,26,24
"Petrolia city, Texas",659,0,10,8,2
"Petronila city, Texas",157,0,0,0,0
"Pettus CDP, Texas",557,0,0,2,21
"Pflugerville city, Texas",53611,59,112,182,325
"Pharr city, Texas",74136,1127,1190,1547,1641
"Pilot Point city, Texas",3879,43,0,0,22
"Pine Forest city, Texas",605,0,0,0,10
"Kleberg County, Texas",30096,1138,527,1249,595
"Pine Harbor CDP, Texas",690,13,32,23,20
"Pinehurst CDP, Texas",4997,4,78,0,178
"Pinehurst city, Texas",1880,19,9,27,22
"Pine Island town, Texas",1408,0,29,5,33
"Pineland city, Texas",942,31,19,15,15
"Pinewood Estates CDP, Texas",1787,0,0,0,0
"Piney Point Village city, Texas",3270,8,8,15,0
"Pittsburg city, Texas",4465,91,76,95,87
"Placedo CDP, Texas",851,0,10,0,6
"Plains town, Texas",1629,25,5,8,14
"Knox County, Texas",3663,0,10,45,41
"Plainview city, Texas",20707,310,256,384,407
"Plano city, Texas",274736,1043,1330,1204,1831
"Pleak village, Texas",1498,13,3,75,6
"Pleasant Hill CDP, Texas",528,16,21,9,11
"Pleasanton city, Texas",9225,28,34,88,235
"Pleasant Valley town, Texas",368,0,1,3,4
"Plum Grove city, Texas",471,0,0,16,10
"Point city, Texas",769,0,8,14,17
"Point Blank city, Texas",869,2,14,0,12
"Point Comfort city, Texas",689,5,8,0,5
"Aransas County, Texas",23759,166,194,521,184
"Lamar County, Texas",48762,416,303,668,854
"Point Venture village, Texas",808,0,2,2,2
"Ponder town, Texas",1518,0,4,3,4
"Port Aransas city, Texas",3716,0,0,0,56
"Port Arthur city, Texas",53970,717,712,1088,1451
"Porter Heights CDP, Texas",1619,25,32,0,44
"Port Isabel city, Texas",4929,107,121,65,98
"Portland city, Texas",15486,44,28,75,89
"Port Lavaca city, Texas",12037,103,137,247,222
"Port Mansfield CDP, Texas",70,0,0,0,0
"Port Neches city, Texas",12771,0,167,9,73
"Lamb County, Texas",13498,126,99,190,300
"Port O'Connor CDP, Texas",923,0,11,0,17
"Post city, Texas",2956,29,28,8,8
"Post Oak Bend City town, Texas",992,0,0,0,0
"Poteet city, Texas",3308,129,0,128,32
"Poth town, Texas",2109,9,25,50,7
"Potosi CDP, Texas",3001,0,0,0,0
"Pottsboro town, Texas",2411,0,23,12,14
"Powderly CDP, Texas",835,6,0,0,0
"Powell town, Texas",79,0,0,0,5
"Poynor town, Texas",208,0,0,2,8
"Lampasas County, Texas",19997,150,68,199,168
"Prado Verde CDP, Texas",262,0,0,0,0
"Prairie View city, Texas",1775,178,22,550,2
"Premont city, Texas",2650,43,28,20,40
"Presidio city, Texas",4139,0,0,0,70
"Preston CDP, Texas",1713,0,22,0,0
"Primera town, Texas",4221,85,38,122,67
"Princeton city, Texas",7927,42,30,91,257
"Progreso city, Texas",5789,171,174,253,173
"Progreso Lakes city, Texas",352,0,0,0,0
"Prosper town, Texas",13931,12,37,94,172
"La Salle County, Texas",6242,0,17,14,111
"Providence Village town, Texas",5128,14,0,34,38
"Pueblo East CDP, Texas",0,0,0,0,0
"Pueblo Nuevo CDP, Texas",795,50,46,0,43
"Putnam town, Texas",65,0,0,0,0
"Pyote town, Texas",130,0,0,0,0
"Quail CDP, Texas",18,0,0,2,0
"Quail Creek CDP, Texas",1653,0,24,21,0
"Quanah city, Texas",2549,4,17,1,50
"Queen City city, Texas",1843,14,46,37,35
"Quemado CDP, Texas",169,0,0,0,0
"Lavaca County, Texas",19102,76,81,93,125
"Quesada CDP, Texas",0,0,0,0,0
"Quinlan city, Texas",1620,25,10,15,42
"Quintana town, Texas",44,0,0,0,5
"Quitaque city, Texas",478,25,0,5,5
"Quitman city, Texas",1914,4,2,10,26
"Radar Base CDP, Texas",132,0,0,0,3
"Rafael Pena CDP, Texas",0,0,0,0,0
"Ralls city, Texas",1914,6,13,38,16
"Ramireno CDP, Texas",76,0,0,0,0
"Ramirez-Perez CDP, Texas",41,0,0,19,0
"Lee County, Texas",16168,74,98,215,187
"Ramos CDP, Texas",235,1,0,13,0
"Ranchette Estates CDP, Texas",80,0,0,0,0
"Ranchitos del Norte CDP, Texas",0,0,0,0,0
"Ranchitos East CDP, Texas",353,33,31,36,14
"Ranchitos Las Lomas CDP, Texas",127,0,9,0,18
"Rancho Alegre CDP, Texas",1612,37,41,118,0
"Rancho Banquete CDP, Texas",602,0,0,0,42
"Rancho Chico CDP, Texas",572,63,0,54,0
"Ranchos Penitas West CDP, Texas",819,31,0,10,19
"Rancho Viejo town, Texas",2277,0,0,39,7
"Leon County, Texas",16708,123,63,159,167
"Rancho Viejo CDP, Texas",231,0,0,0,0
"Randolph AFB CDP, Texas",1065,3,0,0,1
"Ranger city, Texas",2949,0,9,16,29
"Rangerville village, Texas",52,0,0,0,0
"Rankin city, Texas",774,3,0,1,4
"Ransom Canyon town, Texas",1319,0,5,0,0
"Ratamosa CDP, Texas",257,0,0,0,0
"Ravenna city, Texas",184,0,0,0,1
"Raymondville city, Texas",8683,173,213,236,250
"Realitos CDP, Texas",413,0,26,0,7
"Liberty County, Texas",71227,562,555,884,1025
"Redfield CDP, Texas",516,0,13,0,54
"Redford CDP, Texas",89,0,0,12,0
"Redland CDP, Texas",1594,0,22,0,116
"Red Lick city, Texas",1044,9,0,3,4
"Red Oak city, Texas",11154,100,35,25,125
"Redwater city, Texas",1117,2,11,7,31
"Redwood CDP, Texas",4044,11,24,60,84
"Refugio town, Texas",2741,40,13,86,55
"Regino Ramirez CDP, Texas",102,0,0,0,0
"Reid Hope King CDP, Texas",889,0,34,16,16
"Limestone County, Texas",22347,236,362,246,450
"Reklaw city, Texas",393,10,0,3,0
"Relampago CDP, Texas",44,0,0,0,0
"Rendon CDP, Texas",14110,31,116,107,52
"Reno city (Lamar County), Texas",3245,0,15,26,53
"Reno city (Parker and Tarrant Counties), Texas",2597,18,18,50,10
"Retreat town, Texas",389,0,0,0,5
"Rhome city, Texas",1567,0,12,9,3
"Ricardo CDP, Texas",693,13,22,46,13
"Rice city, Texas",989,0,14,6,24
"Richardson city, Texas",105099,2166,960,1181,769
"Lipscomb County, Texas",3436,14,7,28,34
"Richland town, Texas",222,2,7,0,6
"Richland Hills city, Texas",7817,102,37,29,118
"Richland Springs town, Texas",295,6,0,3,0
"Richmond city, Texas",10755,32,40,109,331
"Richwood city, Texas",3686,14,7,56,61
"Riesel city, Texas",1028,19,0,16,2
"Rio Bravo city, Texas",4860,117,71,136,128
"Rio Grande City city, Texas",13602,118,43,148,369
"Rio Hondo city, Texas",2005,0,18,53,23
"Rio Vista city, Texas",1174,11,9,20,9
"Archer County, Texas",8681,65,35,67,61
"Live Oak County, Texas",10255,80,17,61,74
"Rising Star town, Texas",999,0,0,16,18
"Rivereno CDP, Texas",0,0,0,0,0
"River Oaks city, Texas",7561,0,0,32,228
"Riverside city, Texas",598,8,11,0,12
"Riviera CDP, Texas",760,1,0,5,0
"Roanoke city, Texas",6770,0,21,112,72
"Roaring Springs town, Texas",309,13,0,10,3
"Robert Lee city, Texas",1065,3,5,17,7
"Robinson city, Texas",11196,98,52,65,61
"Robstown city, Texas",11445,198,186,348,110
"Llano County, Texas",19123,98,118,169,187
"Roby city, Texas",720,14,15,10,12
"Rochester town, Texas",322,0,0,0,6
"Rockdale city, Texas",5379,0,65,86,28
"Rockport city, Texas",9575,55,59,328,81
"Rocksprings town, Texas",1273,9,7,5,11
"Rockwall city, Texas",40392,128,308,255,291
"Rocky Mound town, Texas",68,0,0,0,0
"Rogers town, Texas",957,5,0,0,0
"Rollingwood city, Texas",1603,0,0,0,0
"Roma city, Texas",9989,289,45,367,169
"Loving County, Texas",114,5,0,0,0
"Roma Creek CDP, Texas",425,10,0,0,0
"Roman Forest town, Texas",2068,0,0,0,0
"Ropesville city, Texas",358,0,0,1,1
"Roscoe city, Texas",1394,0,8,27,3
"Rosebud city, Texas",1355,26,13,55,8
"Rose City city, Texas",386,0,8,7,8
"Rose Hill Acres city, Texas",448,0,1,0,6
"Rosenberg city, Texas",33425,361,224,519,526
"Rosharon CDP, Texas",2071,0,75,0,92
"Rosita CDP, Texas",2824,19,4,11,94
"Lubbock County, Texas",278842,9369,2914,8794,3854
"Ross city, Texas",249,0,2,0,0
"Rosser village, Texas",306,0,8,7,4
"Rotan city, Texas",1459,43,16,35,14
"Round Mountain town, Texas",166,0,0,0,7
"Round Rock city, Texas",108905,631,919,872,986
"Round Top town, Texas",73,0,0,0,0
"Rowlett city, Texas",57877,170,142,371,226
"Roxton city, Texas",518,11,6,12,16
"Royse City city, Texas",10118,0,19,159,48
"Rule town, Texas",608,0,0,2,6
"Lynn County, Texas",5726,30,36,53,135
"Runaway Bay city, Texas",1595,0,5,0,6
"Runge town, Texas",1128,0,18,9,13
"Rusk city, Texas",3825,70,54,33,79
"Sabinal city, Texas",1981,9,0,38,10
"Sachse city, Texas",22476,82,21,0,49
"Sadler city, Texas",395,2,0,0,6
"Saginaw city, Texas",21207,68,58,62,121
"St. Hedwig town, Texas",2147,6,0,2,4
"St. Jo city, Texas",1113,0,0,21,19
"St. Paul town, Texas",1183,0,2,6,2
"McCulloch County, Texas",8094,39,178,32,169
"St. Paul CDP, Texas",670,12,0,0,9
"Salado village, Texas",1642,0,0,4,8
"Salineño CDP, Texas",117,0,0,0,0
"Salineño North CDP, Texas",26,0,0,0,0
"Sammy Martinez CDP, Texas",96,0,0,0,0
"Samnorwood CDP, Texas",13,0,0,0,0
"Sam Rayburn CDP, Texas",1060,0,0,0,0
"San Angelo city, Texas",91770,1303,672,1457,1430
"San Antonio city, Texas",1390610,18679,14552,22786,22571
"San Augustine city, Texas",2318,13,82,9,55
"McLennan County, Texas",232382,5626,2236,6557,4068
"San Benito city, Texas",24429,386,472,585,714
"San Carlos CDP, Texas",3731,88,63,68,109
"San Carlos I CDP, Texas",180,0,11,0,18
"San Carlos II CDP, Texas",225,24,0,13,27
"Sanctuary town, Texas",380,0,5,8,9
"Sanderson CDP, Texas",828,0,5,0,10
"Sandia CDP, Texas",648,0,0,0,0
"San Diego city, Texas",4457,48,136,141,49
"Sandoval CDP, Texas",9,0,0,0,0
"Sand Springs CDP, Texas",920,15,1,16,0
"McMullen County, Texas",778,6,3,4,0
"Sandy Hollow-Escondidas CDP, Texas",582,13,0,21,0
"Sandy Point city, Texas",138,0,0,0,0
"San Elizario city, Texas",9115,340,113,248,326
"San Felipe town, Texas",709,7,22,0,35
"San Fernando CDP, Texas",39,0,0,0,0
"Sanford town, Texas",157,2,0,4,0
"Sanger city, Texas",7395,35,10,15,98
"San Isidro CDP, Texas",351,0,0,6,0
"San Juan city, Texas",35542,562,423,604,884
"San Juan CDP, Texas",182,0,0,0,10
"Madison County, Texas",9616,112,48,112,101
"San Leanna village, Texas",599,0,2,3,0
"San Leon CDP, Texas",5299,0,46,29,89
"San Marcos city, Texas",48601,4617,1264,5665,1294
"San Patricio city, Texas",448,0,2,0,4
"San Pedro CDP, Texas",473,0,13,6,6
"San Perlita city, Texas",660,20,16,29,17
"San Saba city, Texas",2355,15,39,12,21
"Sansom Park city, Texas",4666,30,139,59,127
"Santa Anna town, Texas",1355,8,16,23,17
"Santa Anna CDP, Texas",47,0,0,0,0
"Marion County, Texas",10034,52,66,195,172
"Santa Clara city, Texas",699,3,4,9,3
"Santa Cruz CDP, Texas",136,0,0,0,0
"Santa Fe city, Texas",12595,0,15,136,26
"Santa Maria CDP, Texas",822,0,15,8,10
"Santa Monica CDP, Texas",90,0,0,0,0
"Santa Rosa town, Texas",2893,102,80,120,72
"Santa Rosa CDP, Texas",237,13,40,0,0
"Santel CDP, Texas",0,0,0,0,0
"San Ygnacio CDP, Texas",461,0,0,0,27
"Sarita CDP, Texas",425,20,6,9,9
"Armstrong County, Texas",1878,13,15,6,11
"Martin County, Texas",5187,52,14,67,27
"Savannah CDP, Texas",4557,0,0,0,0
"Savoy city, Texas",529,27,0,0,7
"Scenic Oaks CDP, Texas",5468,0,0,0,21
"Schertz city, Texas",36169,85,225,131,355
"Schulenburg city, Texas",2706,0,10,3,19
"Scissors CDP, Texas",3234,124,90,46,46
"Scotland city, Texas",555,1,0,0,0
"Scottsville city, Texas",330,0,0,0,3
"Scurry town, Texas",654,0,9,8,8
"Seabrook city, Texas",12672,127,46,57,55
"Mason County, Texas",4049,22,69,6,13
"Seadrift city, Texas",1534,36,77,30,38
"Seagoville city, Texas",13571,74,36,115,286
"Seagraves city, Texas",2606,23,26,0,82
"Sealy city, Texas",6126,0,19,40,45
"Sebastian CDP, Texas",1676,61,60,25,74
"Seco Mines CDP, Texas",477,38,0,41,9
"Seguin city, Texas",25498,246,316,591,365
"Selma city, Texas",7712,4,78,7,79
"Seminole city, Texas",6884,101,13,93,89
"Serenada CDP, Texas",1399,3,0,0,0
"Matagorda County, Texas",36117,230,157,360,622
"Seth Ward CDP, Texas",1838,13,30,0,46
"Seven Oaks city, Texas",175,0,0,4,6
"Seven Points city, Texas",1360,19,46,25,39
"Seymour city, Texas",2411,9,27,24,9
"Shadybrook CDP, Texas",1585,35,20,0,25
"Shady Hollow CDP, Texas",5187,11,0,21,0
"Shady Shores town, Texas",2776,0,0,17,5
"Shallowater city, Texas",2523,0,11,19,6
"Shamrock city, Texas",1846,12,23,17,13
"Shavano Park city, Texas",3326,26,0,4,7
"Maverick County, Texas",55773,568,145,1017,804
"Sheldon CDP, Texas",1615,21,23,15,0
"Shenandoah city, Texas",2523,9,0,16,0
"Shepherd city, Texas",2783,0,60,81,84
"Sherman city, Texas",38021,643,365,525,609
"Sherwood Shores CDP, Texas",1087,4,16,10,0
"Shiner city, Texas",2012,11,6,12,23
"Shoreacres city, Texas",1767,0,4,26,0
"Sienna Plantation CDP, Texas",15720,131,93,0,0
"Sierra Blanca CDP, Texas",400,0,0,13,0
"Siesta Acres CDP, Texas",2260,85,0,25,49
"Medina County, Texas",44587,393,192,228,486
"Siesta Shores CDP, Texas",1457,13,41,18,93
"Silsbee city, Texas",6405,124,23,64,327
"Silverton city, Texas",717,13,1,0,2
"Simonton city, Texas",780,3,0,0,0
"Sinton city, Texas",5355,0,61,93,123
"Skellytown town, Texas",475,0,0,0,0
"Skidmore CDP, Texas",934,87,0,0,27
"Slaton city, Texas",6016,0,30,7,38
"Smiley city, Texas",570,0,10,4,16
"Smithville city, Texas",3848,15,8,38,10
"Menard County, Texas",2128,2,18,27,0
"Smyer town, Texas",634,5,1,22,16
"Snook city, Texas",473,3,0,10,0
"Snyder city, Texas",11111,62,31,116,143
"Socorro city, Texas",32755,535,360,1010,599
"Solis CDP, Texas",396,0,15,0,6
"Somerset city, Texas",1470,0,20,10,41
"Somerville city, Texas",1629,11,12,24,26
"Sonora city, Texas",2975,0,0,45,35
"Sour Lake city, Texas",1724,14,4,11,15
"South Alamo CDP, Texas",3868,63,144,31,205
"Midland County, Texas",149667,688,600,1398,1378
"South Fork Estates CDP, Texas",136,0,0,0,0
"South Houston city, Texas",17421,81,175,322,359
"Southlake city, Texas",28289,0,10,28,28
"South La Paloma CDP, Texas",326,0,0,22,23
"Southmayd city, Texas",1011,11,25,7,24
"South Mountain town, Texas",401,0,0,0,13
"South Padre Island town, Texas",2888,0,0,0,0
"South Point CDP, Texas",1363,20,17,42,21
"Southside Place city, Texas",1762,7,5,5,9
"South Toledo Bend CDP, Texas",388,0,0,0,0
"Milam County, Texas",23885,115,207,295,292
"Spade CDP, Texas",101,0,0,0,7
"Sparks CDP, Texas",3980,41,77,47,128
"Spearman city, Texas",3317,13,11,8,25
"Splendora city, Texas",1635,5,0,7,70
"Spofford city, Texas",95,0,0,4,8
"Spring CDP, Texas",55996,345,333,382,441
"Spring Gardens CDP, Texas",627,0,0,0,0
"Springlake town, Texas",111,0,0,0,0
"Springtown city, Texas",2725,25,16,50,33
"Spring Valley Village city, Texas",4031,0,0,0,0
"Mills County, Texas",4703,35,8,10,61
"Spur city, Texas",966,10,7,12,31
"Stafford city, Texas",18078,127,160,151,240
"Stagecoach town, Texas",596,0,8,0,5
"Stamford city, Texas",2913,2,14,12,69
"Stanton city, Texas",2673,22,11,40,24
"Staples city, Texas",289,56,0,0,4
"Star Harbor city, Texas",436,0,0,0,0
"Stephenville city, Texas",17447,1001,196,1917,194
"Sterling City city, Texas",978,0,12,0,21
"Stinnett city, Texas",1426,23,0,23,0
"Mitchell County, Texas",6680,9,34,40,31
"Stockdale city, Texas",1451,3,3,0,32
"Stonewall CDP, Texas",445,0,19,0,11
"Stowell CDP, Texas",1504,24,0,0,29
"Stratford city, Texas",2110,0,9,7,27
"Strawn city, Texas",526,0,0,0,0
"Streetman town, Texas",255,0,0,2,1
"Study Butte CDP, Texas",252,8,0,0,10
"Sudan city, Texas",978,11,5,10,19
"Sugar Land city, Texas",83373,365,89,293,298
"Sullivan City city, Texas",4096,65,92,133,101
"Atascosa County, Texas",46439,339,173,601,493
"Montague County, Texas",19170,134,173,126,241
"Sulphur Springs city, Texas",15305,136,223,345,439
"Sundown city, Texas",1296,12,0,27,21
"Sunnyvale town, Texas",5677,0,0,21,0
"Sunray city, Texas",2071,8,7,15,24
"Sunrise Beach Village city, Texas",747,0,4,0,5
"Sunset CDP (Montague County), Texas",255,0,0,0,0
"Sunset CDP (Starr County), Texas",30,0,0,0,0
"Sunset Acres CDP, Texas",0,0,0,0,0
"Sunset Valley city, Texas",821,0,0,0,0
"Sun Valley city, Texas",153,5,0,0,0
"Montgomery County, Texas",498677,2949,2656,4097,4863
"Surfside Beach city, Texas",588,2,0,7,7
"Sweeny city, Texas",3566,12,59,107,44
"Sweetwater city, Texas",10574,135,153,221,184
"Taft city, Texas",3023,29,5,6,47
"Taft Southwest CDP, Texas",1301,17,0,57,20
"Tahoka city, Texas",2574,18,1,31,55
"Talco city, Texas",558,0,6,31,6
"Talty town, Texas",1624,0,4,0,2
"Tanquecitos South Acres CDP, Texas",471,0,55,21,24
"Tanquecitos South Acres II CDP, Texas",0,0,0,0,0
"Moore County, Texas",21985,254,117,288,365
"Tatum city, Texas",960,7,0,30,6
"Taylor city, Texas",15795,99,118,119,203
"Taylor Lake Village city, Texas",3611,16,0,8,26
"Taylor Landing city, Texas",227,0,0,0,0
"Teague city, Texas",3504,14,15,39,41
"Tehuacana town, Texas",256,0,2,0,3
"Temple city, Texas",68519,486,722,917,1074
"Tenaha town, Texas",1454,26,21,89,10
"Terlingua CDP, Texas",145,0,0,0,0
"Terrell city, Texas",15779,194,10,197,244
"Morris County, Texas",12553,92,60,156,141
"Terrell Hills city, Texas",5123,39,0,0,0
"Texarkana city, Texas",35927,440,457,489,752
"Texas City city, Texas",44922,402,177,554,850
"Texhoma city, Texas",275,0,0,13,18
"Texline town, Texas",475,0,0,0,3
"The Colony city, Texas",39636,287,85,302,300
"The Hills village, Texas",2550,0,0,0,0
"The Woodlands CDP, Texas",105297,200,137,215,581
"Thompsons town, Texas",163,4,0,0,3
"Thompsonville CDP, Texas",0,0,0,0,0
"Motley County, Texas",1069,32,7,15,3
"Thorndale city, Texas",1404,0,0,11,8
"Thornton town, Texas",404,0,6,0,4
"Thorntonville town, Texas",495,0,0,0,9
"Thrall city, Texas",656,0,2,14,6
"Three Rivers city, Texas",1535,6,13,0,59
"Throckmorton town, Texas",727,12,10,9,10
"Thunderbird Bay CDP, Texas",634,0,0,5,15
"Tierra Bonita CDP, Texas",112,0,0,0,12
"Tierra Dorada CDP, Texas",8,0,0,0,0
"Tierra Grande CDP, Texas",165,0,0,0,0
"Nacogdoches County, Texas",60055,1463,981,2131,1085
"Tierra Verde CDP, Texas",296,0,8,0,8
"Tiki Island village, Texas",873,0,0,0,0
"Tilden CDP, Texas",365,0,0,4,0
"Timbercreek Canyon village, Texas",406,0,0,1,0
"Timberwood Park CDP, Texas",26219,49,16,39,73
"Timpson city, Texas",1385,2,31,53,47
"Tioga town, Texas",1035,0,0,0,5
"Tira town, Texas",263,0,2,0,0
"Tivoli CDP, Texas",603,13,12,0,18
"Toco city, Texas",94,0,0,0,1
"Navarro County, Texas",47225,466,383,680,841
"Todd Mission city, Texas",49,0,0,0,0
"Tolar city, Texas",996,3,18,0,41
"Tomball city, Texas",10691,137,143,135,158
"Tom Bean city, Texas",1004,8,2,8,24
"Tool city, Texas",2412,0,16,15,0
"Tornillo CDP, Texas",1356,15,20,32,49
"Toyah town, Texas",164,0,0,12,10
"Tradewinds CDP, Texas",131,0,0,0,0
"Travis Ranch CDP, Texas",2983,0,0,19,14
"Trent town, Texas",291,2,0,6,2
"Newton County, Texas",13900,119,35,105,159
"Trenton city, Texas",768,0,37,0,56
"Trinidad city, Texas",838,17,5,19,8
"Trinity city, Texas",2713,0,0,61,47
"Trophy Club town, Texas",10177,0,14,14,30
"Troup city, Texas",1661,23,38,24,55
"Troy city, Texas",1755,0,0,12,21
"Tuleta CDP, Texas",274,0,0,0,15
"Tulia city, Texas",4223,138,5,73,92
"Tulsita CDP, Texas",45,0,0,0,0
"Turkey city, Texas",367,0,5,7,2
"Nolan County, Texas",14652,135,171,260,195
"Tuscola city, Texas",769,0,3,5,8
"Tye city, Texas",1148,0,10,12,17
"Tyler city, Texas",96985,2146,1125,2362,1858
"Tynan CDP, Texas",269,0,0,0,0
"Uhland city, Texas",1197,4,3,12,19
"Uncertain city, Texas",94,0,0,0,0
"Union Grove city, Texas",348,0,2,0,9
"Union Valley city, Texas",343,0,0,0,0
"Universal City city, Texas",19439,213,132,96,180
"University Park city, Texas",21576,210,10,241,50
"Nueces County, Texas",345034,3602,2655,4452,5806
"Utopia CDP, Texas",227,0,0,4,0
"Uvalde city, Texas",15719,254,70,277,172
"Uvalde Estates CDP, Texas",2150,0,22,27,26
"Valentine town, Texas",100,0,0,0,0
"Valle Hermoso CDP, Texas",0,0,0,0,0
"Valle Verde CDP, Texas",0,0,0,0,0
"Valle Vista CDP, Texas",354,0,0,0,0
"Valley Mills city, Texas",1440,0,39,28,17
"Valley View city, Texas",964,2,3,0,13
"Val Verde Park CDP, Texas",2736,18,24,6,39
"Austin County, Texas",28595,132,210,180,193
"Ochiltree County, Texas",10582,39,36,156,159
"Van city, Texas",2654,14,7,18,42
"Van Alstyne city, Texas",3110,22,41,5,50
"Vanderbilt CDP, Texas",480,12,0,0,0
"Van Horn town, Texas",2162,19,36,55,27
"Van Vleck CDP, Texas",2039,57,0,0,0
"Vega city, Texas",791,0,6,4,0
"Venus town, Texas",2151,0,8,5,15
"Vernon city, Texas",10559,148,169,63,194
"Victoria city, Texas",63974,828,437,965,997
"Victoria Vera CDP, Texas",108,0,0,0,0
"Oldham County, Texas",1637,0,7,4,15
"Vidor city, Texas",10704,109,68,137,145
"Villa del Sol CDP, Texas",106,0,8,8,15
"Villa Pancho CDP, Texas",698,31,37,0,32
"Villarreal CDP, Texas",440,0,0,0,0
"Villa Verde CDP, Texas",561,15,0,0,17
"Vinton village, Texas",1460,5,23,37,43
"Volente village, Texas",677,1,0,0,9
"Von Ormy city, Texas",1169,6,17,6,5
"Waco city, Texas",121284,4739,1602,5844,2793
"Waelder city, Texas",1175,2,0,0,11
"Orange County, Texas",82125,720,661,999,901
"Wake Village city, Texas",5479,30,120,67,147
"Waller city, Texas",2204,68,12,69,42
"Wallis city, Texas",1156,4,13,0,1
"Walnut Springs city, Texas",823,14,19,5,25
"Warren CDP, Texas",640,0,0,0,0
"Warren City city, Texas",356,1,0,3,0
"Waskom city, Texas",1987,24,15,37,16
"Watauga city, Texas",23955,35,56,52,269
"Waxahachie city, Texas",30403,338,266,318,494
"Weatherford city, Texas",26018,47,143,301,152
"Palo Pinto County, Texas",27417,278,244,294,366
"Webberville village, Texas",661,2,2,0,18
"Webster city, Texas",10666,170,320,145,166
"Weimar city, Texas",2204,0,16,11,18
"Weinert city, Texas",216,0,0,13,5
"Weir city, Texas",472,4,22,6,11
"Welch CDP, Texas",214,0,0,0,1
"Wellington city, Texas",2241,0,24,28,65
"Wellman city, Texas",301,0,0,20,0
"Wells town, Texas",817,11,0,16,27
"Wells Branch CDP, Texas",12005,157,68,185,229
"Panola County, Texas",23331,153,60,251,193
"Weslaco city, Texas",37866,249,439,524,1036
"West city, Texas",2683,32,6,53,39
"West Alto Bonito CDP, Texas",1108,0,22,54,47
"Westbrook city, Texas",212,0,0,4,0
"West Columbia city, Texas",3888,22,34,88,75
"Westdale CDP, Texas",409,0,0,0,0
"Western Lake CDP, Texas",1230,0,0,0,0
"Westlake town, Texas",1089,6,6,5,0
"West Lake Hills city, Texas",3257,0,0,0,18
"West Livingston CDP, Texas",4524,44,22,18,83
"Parker County, Texas",118569,324,571,758,964
"Westminster CDP, Texas",719,20,0,0,0
"West Odessa CDP, Texas",23583,36,108,269,427
"Weston city, Texas",321,0,0,0,0
"Weston Lakes city, Texas",2548,0,0,0,0
"West Orange city, Texas",3412,43,66,30,38
"Westover Hills town, Texas",636,0,0,0,0
"West Sharyland CDP, Texas",1986,0,24,106,31
"West Tawakoni city, Texas",1707,20,19,0,32
"West University Place city, Texas",15412,0,17,0,0
"Westway CDP, Texas",3868,140,49,75,52
"Parmer County, Texas",9845,76,81,48,175
"Westwood Shores CDP, Texas",1391,0,18,60,7
"Westworth Village city, Texas",2579,25,5,9,46
"Wharton city, Texas",8496,50,64,240,128
"Wheeler city, Texas",1529,13,8,3,19
"White Deer town, Texas",921,0,1,15,8
"Whiteface town, Texas",404,5,1,0,7
"Whitehouse city, Texas",7983,13,17,39,160
"White Oak city, Texas",6409,58,30,162,177
"Whitesboro city, Texas",3728,83,15,57,15
"White Settlement city, Texas",16243,156,265,184,353
"Pecos County, Texas",13731,36,52,127,110
"Whitewright town, Texas",1862,18,27,45,74
"Whitney town, Texas",2164,24,20,28,23
"Wichita Falls city, Texas",90911,932,890,2022,1648
"Wickett town, Texas",452,2,0,0,10
"Wild Peach Village CDP, Texas",2367,10,0,8,11
"Wildwood CDP, Texas",711,0,0,52,0
"Willis city, Texas",5981,45,10,80,10
"Willow Park city, Texas",4478,12,20,0,26
"Wills Point city, Texas",3373,32,44,10,19
"Wilmer city, Texas",3431,3,99,111,140
"Polk County, Texas",41884,318,335,397,582
"Wilson city, Texas",518,6,16,3,15
"Wimberley city, Texas",2527,2,23,0,42
"Windcrest city, Texas",5485,0,0,13,36
"Windom town, Texas",177,12,0,0,0
"Windthorst town, Texas",310,3,1,0,0
"Winfield city, Texas",487,0,2,3,7
"Wink city, Texas",1001,0,2,1,29
"Winnie CDP, Texas",3217,6,0,28,40
"Winnsboro city, Texas",3141,79,14,46,29
"Winona town, Texas",893,31,8,5,15
"Potter County, Texas",115574,1152,1552,1983,2292
"Winters city, Texas",2488,34,25,9,85
"Wixon Valley city, Texas",257,0,0,0,0
"Wolfe City city, Texas",1590,0,9,36,13
"Wolfforth city, Texas",3996,139,0,7,105
"Woodbranch city, Texas",1431,0,26,8,34
"Woodcreek city, Texas",1288,0,8,7,3
"Woodloch town, Texas",213,0,4,0,0
"Woodsboro town, Texas",1490,13,0,9,12
"Woodson town, Texas",272,0,5,0,0
"Woodville town, Texas",2467,33,40,39,50
Texas -- Rural,3859421,22504,21939,30204,38506
"Bailey County, Texas",6954,0,94,45,103
"Presidio County, Texas",7299,0,25,27,105
"Woodway city, Texas",8528,10,20,0,31
"Wortham town, Texas",1019,5,10,12,12
"Wyldwood CDP, Texas",3886,0,0,39,0
"Wylie city, Texas",44254,137,75,94,178
"Yantis town, Texas",571,5,0,6,4
"Yoakum city, Texas",5301,0,35,23,41
"Yorktown city, Texas",1994,10,36,32,21
"Yznaga CDP, Texas",23,0,0,0,0
"Zapata CDP, Texas",4188,0,0,60,99
"Zapata Ranch CDP, Texas",200,0,0,0,0
"Rains County, Texas",10942,25,45,62,91
"Zarate CDP, Texas",26,0,0,0,0
"Zavalla city, Texas",768,14,15,55,5
"Zuehl CDP, Texas",468,0,0,0,0
"Abilene, TX Metro Area; Texas",154491,2375,1001,3391,2410
"Alice, TX Micro Area; Texas",40983,335,328,704,694
"Amarillo, TX Metro Area; Texas",249369,2594,2277,3712,3804
"Andrews, TX Micro Area; Texas",16578,99,65,154,164
"Athens, TX Micro Area; Texas",77507,498,738,685,1066
"Austin-Round Rock, TX Metro Area; Texas",1848922,26411,17362,31117,24138
"Bay City, TX Micro Area; Texas",36117,230,157,360,622
"Randall County, Texas",124322,1429,666,1692,1436
"Beaumont-Port Arthur, TX Metro Area; Texas",387722,3361,3277,5037,5990
"Beeville, TX Micro Area; Texas",24858,310,170,282,410
"Big Spring, TX Micro Area; Texas",31799,278,103,323,497
"Borger, TX Micro Area; Texas",21684,85,211,312,345
"Brenham, TX Micro Area; Texas",32140,214,124,222,245
"Brownsville-Harlingen, TX Metro Area; Texas",413408,6400,6255,8283,9201
"Brownwood, TX Micro Area; Texas",35881,306,341,388,420
"College Station-Bryan, TX Metro Area; Texas",224055,14061,2911,15253,3775
"Corpus Christi, TX Metro Area; Texas",434003,4199,3256,5793,6697
"Corsicana, TX Micro Area; Texas",47225,466,383,680,841
"Reagan County, Texas",3566,10,78,5,67
"Dallas-Fort Worth-Arlington, TX Metro Area; Texas",6744011,54619,54469,71214,89224
"Del Rio, TX Micro Area; Texas",47218,450,311,629,597
"Dumas, TX Micro Area; Texas",21985,254,117,288,365
"Eagle Pass, TX Micro Area; Texas",55773,568,145,1017,804
"El Campo, TX Micro Area; Texas",40714,150,358,455,567
"El Paso, TX Metro Area; Texas",819059,10094,8534,12697,13571
"Fredericksburg, TX Micro Area; Texas",25012,145,180,123,93
"Gainesville, TX Micro Area; Texas",38047,276,298,366,581
"Hereford, TX Micro Area; Texas",18980,234,208,209,343
"Houston-The Woodlands-Sugar Land, TX Metro Area; Texas",6263394,48576,54394,64841,87453
"Real County, Texas",3261,79,6,45,0
"Huntsville, TX Micro Area; Texas",63263,2562,404,3144,903
"Jacksonville, TX Micro Area; Texas",48416,329,475,553,670
"Kerrville, TX Micro Area; Texas",48516,587,298,412,567
"Killeen-Temple, TX Metro Area; Texas",399083,2739,3899,4362,5928
"Kingsville, TX Micro Area; Texas",30661,1158,534,1258,607
"Lamesa, TX Micro Area; Texas",11621,56,35,149,127
"Laredo, TX Metro Area; Texas",259182,4043,3762,5105,6172
"Levelland, TX Micro Area; Texas",22569,219,182,418,246
"Longview, TX Metro Area; Texas",207575,1754,1479,2823,3142
"Lubbock, TX Metro Area; Texas",290489,9471,2991,8969,4099
"Red River County, Texas",12331,62,178,131,148
"Lufkin, TX Micro Area; Texas",85186,616,866,1005,1610
"Marshall, TX Micro Area; Texas",64919,504,498,588,893
"McAllen-Edinburg-Mission, TX Metro Area; Texas",809092,14074,12987,17689,18725
"Midland, TX Metro Area; Texas",154854,740,614,1465,1405
"Mineral Wells, TX Micro Area; Texas",27417,278,244,294,366
"Mount Pleasant, TX Micro Area; Texas",32026,427,348,340,510
"Nacogdoches, TX Micro Area; Texas",60055,1463,981,2131,1085
"Odessa, TX Metro Area; Texas",147464,1023,590,2047,1671
"Palestine, TX Micro Area; Texas",44783,713,309,615,501
"Pampa, TX Micro Area; Texas",21262,169,159,228,268
"Reeves County, Texas",11271,34,19,140,89
"Paris, TX Micro Area; Texas",48762,416,303,668,854
"Pecos, TX Micro Area; Texas",11271,34,19,140,89
"Plainview, TX Micro Area; Texas",32816,366,347,539,580
"Port Lavaca, TX Micro Area; Texas",21388,144,288,277,312
"Raymondville, TX Micro Area; Texas",19486,423,376,497,562
"Rio Grande City, TX Micro Area; Texas",61936,1052,995,1401,1353
"San Angelo, TX Metro Area; Texas",110679,1364,812,1533,1536
"San Antonio-New Braunfels, TX Metro Area; Texas",2243780,22713,17999,27580,29056
"Sherman-Denison, TX Metro Area; Texas",119943,1262,890,1301,1591
"Snyder, TX Micro Area; Texas",15490,69,39,144,150
"Refugio County, Texas",7104,79,53,95,95
"Stephenville, TX Micro Area; Texas",38270,1439,325,2513,421
"Sulphur Springs, TX Micro Area; Texas",35112,218,379,511,697
"Sweetwater, TX Micro Area; Texas",14652,135,171,260,195
"Texarkana, TX-AR Metro Area (part); Texas",87618,972,969,1123,1402
"Tyler, TX Metro Area; Texas",212560,2793,1833,2968,3375
"Uvalde, TX Micro Area; Texas",26326,329,128,369,271
"Vernon, TX Micro Area; Texas",12799,159,174,85,202
"Victoria, TX Metro Area; Texas",95897,879,675,1230,1363
"Waco, TX Metro Area; Texas",247886,5857,2363,6823,4173
"Wichita Falls, TX Metro Area; Texas",136805,1111,1208,2298,2078
"Roberts County, Texas",926,0,0,0,3
"Zapata, TX Micro Area; Texas",14266,383,293,365,571
"Congressional District 1 (114th Congress), Texas",684574,7773,6031,10019,10761
"Congressional District 2 (114th Congress), Texas",736233,4379,5105,5406,7847
"Congressional District 3 (114th Congress), Texas",766031,3799,3427,3699,5119
"Congressional District 4 (114th Congress), Texas",696042,6167,5668,7821,9320
"Congressional District 5 (114th Congress), Texas",699305,5742,6617,7562,11603
"Congressional District 6 (114th Congress), Texas",724016,5729,5378,7820,8676
"Congressional District 7 (114th Congress), Texas",740197,5064,6231,5785,7916
"Congressional District 8 (114th Congress), Texas",723839,6419,4051,8838,7550
"Congressional District 9 (114th Congress), Texas",737604,7762,10259,10983,14753
"Robertson County, Texas",16335,114,116,230,148
"Congressional District 10 (114th Congress), Texas",746745,5447,5005,7249,8242
"Congressional District 11 (114th Congress), Texas",710594,5884,4200,9199,8015
"Congressional District 12 (114th Congress), Texas",726842,5195,4720,8485,8108
"Congressional District 13 (114th Congress), Texas",670618,5924,5639,8750,9881
"Congressional District 14 (114th Congress), Texas",684866,5104,5455,8152,9604
"Congressional District 15 (114th Congress), Texas",724405,10644,10640,14663,14592
"Congressional District 16 (114th Congress), Texas",713663,8111,7058,10215,11086
"Congressional District 17 (114th Congress), Texas",698066,21222,6831,24197,10533
"Congressional District 18 (114th Congress), Texas",715478,7882,9100,10867,15747
"Congressional District 19 (114th Congress), Texas",671254,13699,5619,15041,9714
"Bandera County, Texas",20448,63,100,100,202
"Rockwall County, Texas",84703,165,386,536,469
"Congressional District 20 (114th Congress), Texas",734868,10231,7658,13261,11253
"Congressional District 21 (114th Congress), Texas",729722,11862,5318,12724,7046
"Congressional District 22 (114th Congress), Texas",778659,3113,2815,4135,5607
"Congressional District 23 (114th Congress), Texas",709434,6972,4759,8232,10454
"Congressional District 24 (114th Congress), Texas",743273,4026,5201,5041,8477
"Congressional District 25 (114th Congress), Texas",705329,5133,5059,9524,7509
"Congressional District 26 (114th Congress), Texas",758127,5941,3634,7751,5714
"Congressional District 27 (114th Congress), Texas",704958,6148,5085,8809,10367
"Congressional District 28 (114th Congress), Texas",722094,9653,8424,11990,13692
"Congressional District 29 (114th Congress), Texas",727175,8978,10011,11920,16402
"Runnels County, Texas",10197,155,88,83,161
"Congressional District 30 (114th Congress), Texas",716602,6933,7776,10661,15027
"Congressional District 31 (114th Congress), Texas",745142,4063,5667,5644,7571
"Congressional District 32 (114th Congress), Texas",726741,7720,5891,8136,8876
"Congressional District 33 (114th Congress), Texas",713934,8739,11456,11126,17172
"Congressional District 34 (114th Congress), Texas",696559,11103,9827,13202,14897
"Congressional District 35 (114th Congress), Texas",740246,14390,10303,15483,14316
"Congressional District 36 (114th Congress), Texas",700617,5305,4798,6365,8878
"Rusk County, Texas",48708,238,370,582,775
"Sabine County, Texas",10354,202,71,85,203
"San Augustine County, Texas",8475,13,144,64,155
"San Jacinto County, Texas",26776,292,129,433,364
"San Patricio County, Texas",65210,431,407,820,707
"San Saba County, Texas",5197,56,39,15,43
"Schleicher County, Texas",3224,50,23,18,49
"Scurry County, Texas",15490,69,39,144,150
"Bastrop County, Texas",74482,293,469,658,1040
"Shackelford County, Texas",3325,55,44,38,11
"Shelby County, Texas",25427,203,239,289,330
"Sherman County, Texas",3031,9,13,23,45
"Smith County, Texas",212560,2793,1833,2968,3375
"Somervell County, Texas",8360,29,42,148,58
"Starr County, Texas",61936,1052,995,1401,1353
"Stephens County, Texas",8756,57,27,122,153
"Sterling County, Texas",1298,0,25,0,38
"Stonewall County, Texas",1356,0,0,0,22
"Sutton County, Texas",3917,0,0,45,35
"Baylor County, Texas",3555,9,27,24,9
"Swisher County, Texas",7064,149,34,115,113
"Tarrant County, Texas",1889101,15813,16617,21417,25184
"Taylor County, Texas",128568,2236,934,3147,1915
"Terrell County, Texas",921,0,5,0,10
"Terry County, Texas",11492,140,47,182,77
"Throckmorton County, Texas",1520,12,15,9,10
"Titus County, Texas",32026,427,348,340,510
"Tom Green County, Texas",109035,1350,805,1527,1524
"Travis County, Texas",1098344,17975,12430,21202,17533
"Trinity County, Texas",14277,98,62,148,114
"Bee County, Texas",24858,310,170,282,410
"Tyler County, Texas",18864,175,158,137,197
"Upshur County, Texas",39445,146,227,312,342
"Upton County, Texas",3337,49,36,28,90
"Uvalde County, Texas",26326,329,128,369,271
"Val Verde County, Texas",47218,450,311,629,597
"Van Zandt County, Texas",51954,180,364,573,691
"Victoria County, Texas",88582,874,566,1177,1287
"Walker County, Texas",48986,2464,342,2996,789
"Waller County, Texas",41147,1014,255,1009,485
"Ward County, Texas",11082,117,92,70,208
"Bell County, Texas",316707,2296,3387,3479,4958
"Washington County, Texas",32140,214,124,222,245
"Webb County, Texas",259182,4043,3762,5105,6172
"Wharton County, Texas",40714,150,358,455,567
"Wheeler County, Texas",5498,39,49,25,56
"Wichita County, Texas",117789,969,1041,2160,1928
"Wilbarger County, Texas",12799,159,174,85,202
"Willacy County, Texas",19486,423,376,497,562
"Williamson County, Texas",468529,1875,2529,2488,2964
"Wilson County, Texas",44648,188,144,360,351
"Winkler County, Texas",7460,9,28,56,123
"Bexar County, Texas",1790973,20653,16211,24439,25489
"Wise County, Texas",59925,309,250,369,863
"Wood County, Texas",41308,240,188,259,406
"Yoakum County, Texas",8202,25,5,8,77
"Young County, Texas",18056,124,114,112,217
"Zapata County, Texas",14266,383,293,365,571
"Zavala County, Texas",11806,113,83,281,278
"Abbott city, Texas",390,0,0,0,5
"Abernathy city, Texas",3265,0,21,75,48
"Abilene city, Texas",109366,2186,902,3043,1857
"Abram CDP, Texas",1910,34,11,21,10
"Blanco County, Texas",10569,79,32,46,65
"Ackerly city, Texas",182,0,1,1,3
"Addison town, Texas",15087,118,230,139,170
"Adrian city, Texas",183,0,0,0,0
"Agua Dulce CDP, Texas",2857,55,110,87,45
"Agua Dulce city, Texas",832,6,0,7,0
"Aguilares CDP, Texas",44,0,0,0,0
"Airport Heights CDP, Texas",102,0,0,0,7
"Airport Road Addition CDP, Texas",111,0,0,0,0
"Alamo city, Texas",18895,238,306,187,385
"Alamo Heights city, Texas",7526,53,60,35,38
"Borden County, Texas",702,0,0,0,1
"Alba town, Texas",857,0,8,8,67
"Albany city, Texas",2185,27,44,34,0
"Aldine CDP, Texas",15237,401,425,324,455
"Aledo city, Texas",2999,9,0,3,11
"Alfred CDP, Texas",108,57,0,0,0
"Alice city, Texas",19083,101,141,371,326
"Alice Acres CDP, Texas",340,0,0,0,63
"Allen city, Texas",91957,342,164,347,532
"Alma town, Texas",448,0,0,2,0
"Alpine city, Texas",5918,94,39,92,73
"Bosque County, Texas",17578,77,114,169,154
"Alto town, Texas",1227,14,10,56,16
"Alto Bonito Heights CDP, Texas",116,0,0,0,0
"Alton city, Texas",15088,522,254,324,496
"Alvarado city, Texas",3785,40,17,55,42
"Alvin city, Texas",25098,160,154,397,452
"Alvord town, Texas",1550,21,8,18,33
"Amada Acres CDP, Texas",0,0,0,0,0
"Amargosa CDP, Texas",15,0,0,0,0
"Amarillo city, Texas",194367,1621,1937,2774,3291
"Amaya CDP, Texas",25,0,0,0,0
Texas -- In metropolitan or micropolitan statistical area,24587110,262631,220214,334755,355243
"Bowie County, Texas",87618,972,969,1123,1402
"Ames city, Texas",1216,24,33,26,42
"Amherst city, Texas",920,10,0,31,13
"Amistad CDP, Texas",10,0,0,0,0
"Anacua CDP, Texas",14,0,0,0,0
"Anahuac city, Texas",1877,67,10,16,54
"Anderson city, Texas",248,0,10,5,0
"Andrews city, Texas",12499,88,65,118,145
"Angleton city, Texas",18838,76,128,188,169
"Angus city, Texas",500,8,2,14,3
"Anna city, Texas",9733,0,90,32,146
"Brazoria County, Texas",320415,1822,1533,2311,2937
"Annetta town, Texas",1358,0,0,25,0
"Annetta North town, Texas",469,1,0,6,0
"Annetta South town, Texas",620,5,0,0,0
"Annona town, Texas",375,5,7,1,2
"Anson city, Texas",2072,14,7,107,17
"Anthony town, Texas",3795,38,63,104,61
"Anton city, Texas",1231,11,7,29,26
"Appleby city, Texas",562,0,0,5,5
"Aquilla city, Texas",166,0,0,0,0
"Aransas Pass city, Texas",7916,41,48,131,105
"Brazos County, Texas",190716,13882,2716,14817,3433
"Archer City city, Texas",1572,17,3,42,15
"Arcola city, Texas",2583,21,53,90,39
"Argyle city, Texas",3612,0,4,17,3
"Arlington city, Texas",375083,4200,4576,5537,6208
"Arp city, Texas",954,2,2,11,21
"Arroyo Colorado Estates CDP, Texas",575,80,0,59,0
"Arroyo Gardens CDP, Texas",403,0,0,0,14
"Asherton city, Texas",967,13,2,36,10
"Aspermont town, Texas",945,0,0,0,22
"Atascocita CDP, Texas",68216,168,143,306,466
"Brewster County, Texas",9153,171,43,137,111
"Athens city, Texas",11697,162,278,180,191
"Atlanta city, Texas",5490,46,39,40,143
"Aubrey city, Texas",2848,6,12,0,20
"Aurora city, Texas",1525,13,22,19,41
"Austin city, Texas",866682,17255,11965,20026,15696
"Austwell city, Texas",123,0,0,0,0
"Avery town, Texas",427,2,8,14,2
"Avinger town, Texas",393,0,0,7,1
"Azle city, Texas",10634,18,70,40,129
"Bacliff CDP, Texas",8753,90,56,150,205
"Briscoe County, Texas",1652,38,1,5,11
"Bailey city, Texas",210,0,3,2,3
"Bailey's Prairie village, Texas",780,8,0,11,0
"Baird city, Texas",1784,42,0,5,40
"Balch Springs city, Texas",24882,286,280,265,626
"Balcones Heights city, Texas",2930,13,23,45,67
"Ballinger city, Texas",3559,44,56,30,72
"Balmorhea city, Texas",584,0,0,0,0
"B and E CDP, Texas",698,54,21,25,0
"Bandera city, Texas",1051,4,11,0,3
"Bangs city, Texas",1629,7,0,15,13
"Brooks County, Texas",6885,235,337,149,150
"Banquete CDP, Texas",684,14,0,0,11
"Bardwell city, Texas",626,2,0,9,5
"Barrera CDP, Texas",0,0,0,0,0
"Barrett CDP, Texas",4720,0,38,0,98
"Barry city, Texas",360,0,2,2,0
"Barstow city, Texas",462,8,0,8,10
"Bartlett city, Texas",1343,11,22,11,12
"Barton Creek CDP, Texas",3221,17,0,16,0
"Bartonville town, Texas",2101,0,3,0,0
"Bastrop city, Texas",7140,0,4,0,103
"Brown County, Texas",35881,306,341,388,420
"Batesville CDP, Texas",1122,21,18,127,8
"Bay City city, Texas",17233,125,87,190,334
"Bayou Vista city, Texas",1861,0,0,0,0
"Bayside town, Texas",417,7,25,0,8
"Baytown city, Texas",74221,861,699,859,1567
"Bayview town, Texas",424,0,1,0,0
"Beach City city, Texas",2438,11,0,0,39
"Bear Creek village, Texas",406,0,0,0,0
"Beasley city, Texas",572,3,9,0,22
"Beaumont city, Texas",114254,1410,1285,2055,2480
"Burleson County, Texas",17004,65,79,206,194
"Beckville city, Texas",966,7,0,23,25
"Bedford city, Texas",48069,311,383,298,234
"Bedias city, Texas",310,2,6,0,0
"Bee Cave city, Texas",5362,0,0,1,0
"Beeville city, Texas",12864,109,136,226,235
"Bellaire city, Texas",17784,0,0,41,7
"Bellevue city, Texas",307,4,0,0,1
"Bellmead city, Texas",9981,31,107,29,344
"Bells town, Texas",1535,20,3,31,36
"Bellville city, Texas",4028,121,0,54,0
"Burnet County, Texas",43703,224,528,547,476
"Belton city, Texas",17936,381,65,495,154
"Benavides city, Texas",1705,19,0,9,43
"Benbrook city, Texas",21983,51,129,170,98
"Benjamin city, Texas",232,0,0,5,7
"Benjamin Perez CDP, Texas",0,0,0,0,0
"Berryville town, Texas",1121,9,7,10,24
"Bertram city, Texas",1415,53,31,9,11
"Beverly Hills city, Texas",1827,33,58,33,62
"Bevil Oaks city, Texas",1308,1,1,0,0
"Bigfoot CDP, Texas",234,0,0,0,0
"Caldwell County, Texas",37099,1037,193,792,390
"Big Lake city, Texas",3114,10,62,5,67
"Big Sandy town, Texas",1817,8,16,15,40
"Big Spring city, Texas",22577,201,87,274,433
"Big Thicket Lake Estates CDP, Texas",639,0,21,16,13
"Big Wells city, Texas",737,3,0,10,5
"Bishop city, Texas",3169,33,32,40,60
"Bishop Hills town, Texas",285,0,0,0,0
"Bixby CDP, Texas",624,0,64,57,0
"Blackwell city, Texas",383,0,4,11,0
"Blanco city, Texas",2244,61,14,13,8
Texas -- In metropolitan statistical area,23061341,243485,206807,308654,331979
"Calhoun County, Texas",21388,144,288,277,312
"Blanket town, Texas",384,0,2,0,7
"Blessing CDP, Texas",994,39,26,18,34
"Bloomburg town, Texas",383,0,4,10,3
"Blooming Grove town, Texas",963,9,19,18,17
"Bloomington CDP, Texas",1923,0,35,0,46
"Blossom city, Texas",1243,18,14,11,18
"Blue Berry Hill CDP, Texas",581,93,0,37,22
"Blue Mound city, Texas",3305,16,0,16,41
"Blue Ridge city, Texas",1138,0,0,14,6
"Bluetown CDP, Texas",287,0,10,4,8
"Callahan County, Texas",13403,98,23,85,195
"Blum town, Texas",462,12,5,9,15
"Boerne city, Texas",11882,40,51,99,80
"Bogata city, Texas",1191,0,0,3,9
"Boling CDP, Texas",959,0,8,0,8
"Bolivar Peninsula CDP, Texas",2196,0,0,0,20
"Bonanza Hills CDP, Texas",121,0,0,0,0
"Bonham city, Texas",7371,82,117,197,104
"Bonney village, Texas",303,0,13,0,10
"Booker town, Texas",1448,5,4,13,29
"Borger city, Texas",12951,54,176,273,263
"Cameron County, Texas",413408,6400,6255,8283,9201
"Botines CDP, Texas",15,0,0,0,0
"Bovina city, Texas",1819,11,17,28,78
"Bowie city, Texas",5008,41,63,44,71
"Box Canyon CDP, Texas",25,0,0,0,0
"Boyd town, Texas",1295,6,9,20,5
"Boys Ranch CDP, Texas",95,0,0,0,0
"Brackettville city, Texas",2026,9,31,21,37
"Brady city, Texas",5330,32,112,32,124
"Brazoria city, Texas",3043,34,0,79,23
"Brazos Bend city, Texas",335,0,0,0,0
"Camp County, Texas",12436,134,95,171,239
"Brazos Country city, Texas",771,0,0,0,0
"Breckenridge city, Texas",5521,57,27,107,106
"Bremond city, Texas",901,26,2,18,19
"Brenham city, Texas",14176,180,58,139,101
"Briar CDP, Texas",4221,127,25,73,0
"Briarcliff village, Texas",1565,6,9,0,4
"Briaroaks city, Texas",548,1,0,4,0
"Bridge City city, Texas",7804,29,107,158,133
"Bridgeport city, Texas",5426,42,15,55,75
"Bristol CDP, Texas",275,0,0,0,0
"Carson County, Texas",5958,0,37,27,50
"Broaddus town, Texas",194,0,0,3,0
"Bronte town, Texas",822,0,0,17,13
"Brookshire city, Texas",4786,0,75,29,52
"Brookside Village city, Texas",1532,0,12,0,13
"Browndell city, Texas",189,4,2,2,10
"Brownfield city, Texas",8527,125,37,159,14
"Brownsboro city, Texas",1039,0,4,14,9
"Brownsville city, Texas",179530,2886,2484,3482,4152
"Brownwood city, Texas",17796,255,246,323,287
"Bruceville-Eddy city, Texas",1613,9,2,3,4
"Cass County, Texas",29814,251,348,364,553
"Brundage CDP, Texas",0,0,0,0,0
"Bruni CDP, Texas",261,0,0,9,3
"Brushy Creek CDP, Texas",21172,74,8,98,30
"Bryan city, Texas",75813,2476,1076,2445,1676
"Bryson city, Texas",536,13,0,10,12
"Buchanan Dam CDP, Texas",1145,0,2,0,15
"Buchanan Lake Village CDP, Texas",722,0,0,0,0
"Buckholts town, Texas",471,13,6,39,13
"Buda city, Texas",10655,95,0,30,0
"Buena Vista CDP, Texas",144,0,31,0,22
"Castro County, Texas",7835,65,45,101,100
"Buffalo city, Texas",2094,51,14,33,60
"Buffalo Gap town, Texas",408,0,4,0,5
"Buffalo Springs village, Texas",375,0,16,10,0
"Bullard town, Texas",2677,0,8,8,0
"Bulverde city, Texas",4646,1,0,0,16
"Buna CDP, Texas",2547,0,0,0,61
"Bunker Hill Village city, Texas",3842,0,0,0,0
"Burkburnett city, Texas",10886,28,93,55,188
"Burke city, Texas",703,0,6,0,0
"Burleson city, Texas",40410,54,68,385,318
"Chambers County, Texas",37008,252,199,95,524
"Burnet city, Texas",5879,0,91,200,155
"Burton city, Texas",393,0,0,0,0
"Butterfield CDP, Texas",83,0,0,5,0
"Byers city, Texas",488,15,0,3,7
"Bynum town, Texas",188,4,2,3,0
"Cactus city, Texas",3210,36,16,77,24
"Caddo Mills city, Texas",1772,0,17,38,45
"Caldwell city, Texas",4041,0,48,43,65
"Callender Lake CDP, Texas",1201,0,0,13,0
"Callisburg city, Texas",339,5,0,0,4
"Cherokee County, Texas",48416,329,475,553,670
"Calvert city, Texas",1301,0,31,58,79
"Camargito CDP, Texas",433,12,14,12,16
"Cameron city, Texas",5227,0,80,79,133
"Cameron Park CDP, Texas",6952,216,196,294,142
"Campbell city, Texas",515,0,5,4,5
"Campo Verde CDP, Texas",183,0,0,0,0
"Camp Swift CDP, Texas",5156,9,0,0,0
"Camp Wood city, Texas",834,46,4,29,0
"Canadian city, Texas",2952,14,26,5,42
"Caney City town, Texas",212,0,5,0,0
"Childress County, Texas",5823,113,76,97,103
"Canton city, Texas",3280,60,23,25,65
"Cantu Addition CDP, Texas",428,0,0,0,9
"Canutillo CDP, Texas",6069,274,210,133,161
"Canyon city, Texas",12739,569,188,611,277
"Canyon Creek CDP, Texas",1438,66,0,0,43
"Canyon Lake CDP, Texas",22660,178,126,89,185
"Cape Royale CDP, Texas",575,0,0,0,0
"Carbon town, Texas",396,0,10,4,11
"Carlsbad CDP, Texas",517,10,6,0,0
"Carl's Corner town, Texas",155,0,1,1,0
Texas -- In metropolitan statistical area -- in principal city,11766898,165102,134303,208406,208486
"Clay County, Texas",10335,77,132,71,89
"Carmine city, Texas",211,0,0,0,0
"Carrizo Hill CDP, Texas",1046,0,0,21,0
"Carrizo Springs city, Texas",5678,0,3,67,135
"Carrollton city, Texas",126594,678,604,731,1093
"Carthage city, Texas",6464,52,60,77,49
"Casa Blanca CDP, Texas",31,0,0,0,0
"Casas CDP, Texas",42,0,0,0,0
"Cashion Community city, Texas",275,0,7,0,7
"Castle Hills city, Texas",4287,33,0,8,5
"Castroville city, Texas",2754,2,7,1,18
"Cochran County, Texas",2948,45,17,42,79
"Catarina CDP, Texas",139,0,0,0,0
"Cedar Hill city, Texas",46532,182,166,383,479
"Cedar Park city, Texas",60713,301,171,192,192
"Cedar Point CDP, Texas",762,0,0,0,0
"Celeste city, Texas",779,3,10,5,16
"Celina city, Texas",6764,69,0,109,71
"Center city, Texas",5076,17,0,17,78
"Centerville city, Texas",894,0,8,5,8
"Central Gardens CDP, Texas",4317,0,19,0,38
"César Chávez CDP, Texas",1700,10,0,44,8
"Coke County, Texas",3110,37,5,38,22
"Chandler city, Texas",2728,9,3,11,9
"Channelview CDP, Texas",39128,278,323,611,833
"Channing city, Texas",207,0,4,0,3
"Chaparrito CDP, Texas",31,0,0,0,0
"Chapeno CDP, Texas",60,0,0,5,0
"Charlotte city, Texas",2017,47,17,29,17
"Chester town, Texas",316,2,1,9,10
"Chico city, Texas",1192,3,30,3,60
"Childress city, Texas",4849,113,69,87,103
"Chillicothe city, Texas",796,12,3,6,0
"Coleman County, Texas",8500,88,76,140,112
"Chilton CDP, Texas",640,0,0,0,5
"China city, Texas",891,4,19,16,14
"China Grove town, Texas",1295,0,0,0,4
"China Spring CDP, Texas",1335,0,24,0,0
"Chireno city, Texas",408,2,2,12,7
"Christine town, Texas",392,6,0,9,10
"Christoval CDP, Texas",309,0,0,0,0
"Chula Vista CDP (Cameron County), Texas",491,0,0,0,85
"Chula Vista CDP (Maverick County), Texas",3438,0,16,55,91
"Chula Vista CDP (Zavala County), Texas",363,0,0,25,51
"Collin County, Texas",857655,4360,3626,4134,5751
"Cibolo city, Texas",23957,65,23,22,62
"Cienegas Terrace CDP, Texas",2836,35,8,96,40
"Cinco Ranch CDP, Texas",16996,12,0,51,19
"Circle D-KC Estates CDP, Texas",1854,0,52,0,49
"Cisco city, Texas",3467,27,28,315,53
"Citrus City CDP, Texas",4108,108,245,151,303
"Clarendon city, Texas",1724,18,7,18,24
"Clarksville city, Texas",2997,0,137,0,55
"Clarksville City city, Texas",711,14,3,7,0
"Claude city, Texas",1149,13,15,6,8
"Collingsworth County, Texas",2986,0,25,48,76
"Clear Lake Shores city, Texas",1232,0,0,0,0
"Cleburne city, Texas",28597,365,234,380,266
"Cleveland city, Texas",7146,64,85,164,142
"Clifton city, Texas",3135,13,40,15,0
"Clint town, Texas",820,25,6,16,17
"Cloverleaf CDP, Texas",23185,302,269,425,551
"Clute city, Texas",11099,92,102,281,203
"Clyde city, Texas",3678,31,17,7,59
"Coahoma town, Texas",745,0,0,0,24
"Cockrell Hill city, Texas",4284,18,59,18,65
"Colorado County, Texas",20379,110,263,130,98
"Coffee City town, Texas",279,0,0,7,2
"Coldspring city, Texas",844,10,2,19,3
"Coleman city, Texas",4474,65,60,114,85
"College Station city, Texas",90258,11087,1537,11889,1608
"Colleyville city, Texas",24411,0,0,12,0
"Collinsville town, Texas",1709,0,0,0,4
"Colmesneil city, Texas",629,2,0,0,0
"Colorado Acres CDP, Texas",98,0,0,0,8
"Colorado City city, Texas",3922,0,28,26,12
"Columbus city, Texas",3369,76,1,40,5
"Comal County, Texas",118403,409,424,665,768
"Comanche city, Texas",4057,47,27,96,51
"Combes town, Texas",3011,39,26,31,40
"Combine city, Texas",2091,1,25,0,10
"Comfort CDP, Texas",3031,0,0,0,0
"Commerce city, Texas",6830,423,285,491,206
"Como town, Texas",770,4,7,10,8
"Concepcion CDP, Texas",39,0,0,0,0
"Conroe city, Texas",61707,360,686,1142,1388
"Converse city, Texas",20321,142,194,13,158
"Cool city, Texas",241,3,0,0,3
"Comanche County, Texas",13397,78,136,210,170
"Coolidge town, Texas",727,19,4,9,11
"Cooper city, Texas",2025,38,79,48,59
"Coppell city, Texas",40556,141,102,75,163
"Copperas Cove city, Texas",32682,131,249,364,358
"Copper Canyon town, Texas",1128,0,0,5,0
"Corinth city, Texas",20577,57,86,162,104
"Corpus Christi city, Texas",309774,3281,2305,3879,5270
"Corral City town, Texas",16,0,0,0,0
"Corrigan town, Texas",1742,7,13,41,33
"Corsicana city, Texas",23185,238,273,442,556
"Concho County, Texas",2678,2,9,5,17
"Cottonwood city, Texas",140,0,0,0,0
"Cottonwood Shores city, Texas",1414,8,0,16,20
"Cotulla city, Texas",3938,0,17,12,83
"Country Acres CDP, Texas",133,0,0,0,0
"Coupland city, Texas",207,0,10,1,9
"Cove city, Texas",451,0,3,0,1
"Covington city, Texas",267,0,7,6,0
"Coyanosa CDP, Texas",211,0,0,0,0
"Coyote Acres CDP, Texas",428,0,0,0,0
"Coyote Flats city, Texas",404,4,0,0,1
Texas -- In metropolitan statistical area -- not in principal city,11294443,78383,72504,100248,123493
"Cooke County, Texas",38047,276,298,366,581
"Crandall city, Texas",3038,21,0,0,24
"Crane city, Texas",3719,13,45,7,50
"Cranfills Gap city, Texas",265,2,0,3,0
"Crawford town, Texas",671,3,10,9,11
"Creedmoor city, Texas",177,0,1,3,2
"Cresson city, Texas",785,0,36,0,2
"Crockett city, Texas",6152,138,57,269,154
"Crosby CDP, Texas",2600,27,83,66,72
"Crosbyton city, Texas",1716,58,17,55,55
"Cross Mountain CDP, Texas",2725,0,0,0,34
"Coryell County, Texas",62379,293,444,684,802
"Cross Plains town, Texas",1187,0,6,43,42
"Cross Roads town, Texas",1005,0,6,7,0
"Cross Timber town, Texas",291,3,0,0,2
"Crowell city, Texas",740,4,4,5,15
"Crowley city, Texas",14144,9,56,39,153
"Crystal City city, Texas",7315,56,54,89,161
"Cuero city, Texas",6699,14,8,79,105
"Cuevitas CDP, Texas",0,0,0,0,0
"Cumby city, Texas",811,7,9,8,17
"Cumings CDP, Texas",1408,0,0,0,0
"Cottle County, Texas",1495,4,0,1,36
"Cuney town, Texas",88,0,11,0,0
"Cushing city, Texas",589,7,0,16,2
"Cut and Shoot city, Texas",1322,6,4,12,4
"Daingerfield city, Texas",2705,3,18,70,55
"Daisetta city, Texas",738,3,0,0,0
"Dalhart city, Texas",8131,21,62,69,153
"Dallas city, Texas",1244646,14810,16806,19813,28009
"Dalworthington Gardens city, Texas",2119,4,8,12,4
"Damon CDP, Texas",549,0,0,31,7
"Danbury city, Texas",1463,2,4,12,0
"Crane County, Texas",4621,26,45,24,50
"Darrouzett town, Texas",389,0,0,8,3
"Dawson town, Texas",789,0,2,8,15
"Dayton city, Texas",7262,70,43,123,128
"Dayton Lakes city, Texas",182,3,0,0,0
"Dean city, Texas",538,2,6,0,7
"Decatur city, Texas",6081,55,0,0,158
"DeCordova city, Texas",2763,0,0,15,0
"Deer Park city, Texas",33045,119,87,159,302
"De Kalb city, Texas",1584,28,9,17,28
"De Leon city, Texas",2171,20,25,35,14
"Crockett County, Texas",3619,57,13,41,23
"Dell City city, Texas",321,0,0,14,6
"Del Mar Heights CDP, Texas",230,0,0,13,0
"Delmita CDP, Texas",108,0,0,0,0
"Del Rio city, Texas",34848,366,279,511,480
"Del Sol CDP, Texas",309,0,0,0,0
"Denison city, Texas",22335,225,168,338,390
"Denton city, Texas",115318,4139,1981,5829,2063
"Denver City town, Texas",4662,0,0,0,63
"Deport city, Texas",495,0,3,0,5
"DeSoto city, Texas",50726,266,162,290,271
"Crosby County, Texas",5921,72,41,122,110
"Detroit town, Texas",767,15,9,15,33
"Devers city, Texas",416,2,2,3,1
"Devine city, Texas",4410,53,0,0,38
"Deweyville CDP, Texas",1075,0,0,18,0
"D'Hanis CDP, Texas",899,0,22,0,18
"Diboll city, Texas",4289,0,0,31,138
"Dickens city, Texas",179,0,0,1,0
"Dickinson city, Texas",19332,144,115,156,123
"Dilley city, Texas",2766,84,53,0,87
"Dimmitt city, Texas",4251,53,41,57,62
"Culberson County, Texas",2283,19,42,55,35
"DISH town, Texas",259,0,0,0,1
"Dodd City town, Texas",375,0,5,3,4
"Dodson town, Texas",94,0,0,1,0
"Doffing CDP, Texas",5629,176,63,232,136
"Domino town, Texas",102,0,0,0,0
"Donna city, Texas",16292,153,407,156,411
"Doolittle CDP, Texas",3746,111,183,31,218
"Dorchester city, Texas",101,0,0,5,1
"Double Oak town, Texas",3013,4,0,31,2
"Douglassville town, Texas",150,0,0,6,0
"Dallam County, Texas",6958,43,54,62,149
"Doyle CDP, Texas",507,0,0,0,0
"Driftwood CDP, Texas",107,0,0,0,0
"Dripping Springs city, Texas",2343,24,33,6,40
"Driscoll city, Texas",697,0,7,27,11
"Dublin city, Texas",3579,36,63,94,83
"Dumas city, Texas",14701,210,94,196,302
"Duncanville city, Texas",39277,339,70,230,576
"Eagle Lake city, Texas",3612,0,174,35,41
"Eagle Pass city, Texas",27667,208,48,504,401
"Early city, Texas",2804,25,0,0,23
"Dallas County, Texas",2454371,23570,25192,30411,43730
"Earth city, Texas",832,0,7,5,24
"East Alto Bonito CDP, Texas",954,0,0,15,0
"East Bernard city, Texas",2779,0,4,14,64
"Eastland city, Texas",3766,34,40,51,0
"East Mountain city, Texas",967,12,0,14,9
"Easton city, Texas",501,5,4,0,7
"East Tawakoni city, Texas",865,0,0,2,2
"Ector city, Texas",778,6,2,6,20
"Edcouch city, Texas",3244,35,88,99,22
"Eden city, Texas",1084,0,3,0,5
"Dawson County, Texas",11621,56,35,149,127
"Edgecliff Village town, Texas",2934,18,13,17,18
"Edgewater Estates CDP, Texas",85,0,0,0,0
"Edgewood town, Texas",1392,11,19,40,23
"Edinburg city, Texas",79442,1693,1636,2074,1571
"Edmonson town, Texas",109,0,0,0,0
"Edna city, Texas",5466,25,17,36,67
"Edom city, Texas",347,0,4,10,0
"Edroy CDP, Texas",307,0,0,28,0
"Eidson Road CDP, Texas",9975,104,18,61,86
"Elbert CDP, Texas",38,0,0,0,0
Texas -- In micropolitan statistical area,1525769,19146,13407,26101,23264
"Deaf Smith County, Texas",18980,234,208,209,343
"El Brazil CDP, Texas",36,0,0,0,0
"El Camino Angosto CDP, Texas",272,0,0,13,0
"El Campo city, Texas",11431,56,136,85,262
"El Castillo CDP, Texas",368,0,0,0,12
"El Cenizo CDP, Texas",567,0,22,0,21
"El Cenizo city, Texas",3297,39,64,92,124
"El Chaparral CDP, Texas",212,0,0,0,0
"Eldorado city, Texas",1897,12,23,18,26
"Electra city, Texas",2693,7,0,32,16
"Elgin city, Texas",8080,48,58,66,259
"Delta County, Texas",5152,48,101,58,98
"Elias-Fela Solis CDP, Texas",29,0,0,0,0
"El Indio CDP, Texas",209,0,13,0,9
"Elkhart town, Texas",1285,14,6,21,25
"El Lago city, Texas",2747,40,0,23,0
"Elm Creek CDP, Texas",2840,54,6,135,23
"Elmendorf city, Texas",1229,9,6,15,17
"El Mesquite CDP, Texas",0,0,0,0,0
"Elmo CDP, Texas",792,0,0,0,0
"E. Lopez CDP, Texas",75,0,0,0,0
"El Paso city, Texas",669146,7562,6558,9644,10459
"Denton County, Texas",719124,6315,4121,8493,6010
"El Quiote CDP, Texas",208,0,0,0,0
"El Rancho Vela CDP, Texas",224,0,0,0,0
"El Refugio CDP, Texas",377,54,0,29,0
"Elsa city, Texas",6444,98,119,91,254
"El Socio CDP, Texas",137,0,0,0,18
"Emerald Bay CDP, Texas",969,0,0,0,0
"Emhouse town, Texas",108,1,2,0,0
"Emory city, Texas",949,17,4,8,5
"Encantada-Ranchito-El Calaboz CDP, Texas",1756,20,0,72,21
"Enchanted Oaks town, Texas",370,0,0,3,0
"DeWitt County, Texas",18695,44,45,131,160
"Encinal city, Texas",904,0,0,2,0
"Encino CDP, Texas",53,0,8,7,0
"Ennis city, Texas",18505,208,266,305,466
"Escobares city, Texas",1685,33,56,58,73
"Estelline town, Texas",76,0,0,0,0
"Eugenio Saenz CDP, Texas",39,0,0,6,0
"Euless city, Texas",52945,360,625,439,523
"Eureka city, Texas",359,0,0,0,4
"Eustace city, Texas",1088,28,17,18,18
"Evadale CDP, Texas",1553,0,0,4,2
"Dickens County, Texas",2077,24,13,13,33
"Evant town, Texas",423,0,5,10,8
"Evergreen CDP, Texas",10,0,0,0,0
"Everman city, Texas",6279,43,41,70,132
"Fabens CDP, Texas",7834,171,210,215,198
"Fabrica CDP, Texas",851,17,0,0,0
"Fairchilds village, Texas",815,2,13,6,8
"Fairfield city, Texas",2699,19,3,27,20
"Fair Oaks Ranch city, Texas",7315,0,0,0,0
"Fairview town, Texas",8109,0,0,0,0
"Falconaire CDP, Texas",115,11,18,6,12
"Dimmit County, Texas",10587,42,5,134,210
"Falcon Heights CDP, Texas",30,0,0,0,0
"Falcon Lake Estates CDP, Texas",1620,14,0,51,16
"Falcon Mesa CDP, Texas",663,0,46,0,0
"Falcon Village CDP, Texas",45,0,0,0,0
"Falfurrias city, Texas",4499,115,320,142,106
"Falls City city, Texas",581,0,13,0,8
"Falman CDP, Texas",125,0,0,0,0
"Fannett CDP, Texas",1742,13,0,0,10
"Farmers Branch city, Texas",30916,154,141,211,358
"Farmersville city, Texas",3424,15,0,72,67
"Donley County, Texas",3311,19,20,37,37
"Farwell city, Texas",1710,3,8,10,3
"Fate city, Texas",8414,17,22,0,58
"Fayetteville city, Texas",251,0,0,3,0
"Faysville CDP, Texas",608,0,21,0,20
"Fernando Salinas CDP, Texas",11,0,0,0,0
"Ferris city, Texas",2463,36,48,81,45
"Fifth Street CDP, Texas",1943,0,53,98,174
"Flatonia town, Texas",1498,0,0,0,10
"Flor del Rio CDP, Texas",139,0,0,0,0
"Florence city, Texas",870,23,7,5,6
"Duval County, Texas",10954,34,185,197,142
"Floresville city, Texas",6539,73,10,49,48
"Flowella CDP, Texas",69,0,0,0,0
"Flower Mound town, Texas",68352,84,177,58,113
"Floydada city, Texas",2913,0,39,97,75
"Follett city, Texas",577,5,2,4,5
"Forest Hill city, Texas",12601,27,189,161,187
"Forney city, Texas",16773,4,121,1,79
"Forsan city, Texas",216,0,7,0,9
"Fort Bliss CDP, Texas",5704,20,44,62,78
"Fort Clark Springs CDP, Texas",1012,0,0,13,0
"Eastland County, Texas",17369,61,108,464,177
"Fort Davis CDP, Texas",1112,0,0,0,0
"Fort Hancock CDP, Texas",1623,0,31,28,66
"Fort Hood CDP, Texas",20746,187,156,374,367
"Fort Stockton city, Texas",7787,31,0,82,61
"Fort Worth city, Texas",781139,8447,7984,11576,12790
"Four Corners CDP, Texas",13608,187,183,13,150
"Four Points CDP, Texas",0,0,0,0,0
"Fowlerton CDP, Texas",165,0,0,0,0
"Franklin city, Texas",1766,35,12,39,22
"Frankston town, Texas",968,4,9,7,13
"Ector County, Texas",147464,1023,590,2047,1671
"Fredericksburg city, Texas",10440,109,44,51,28
"Freeport city, Texas",11925,166,152,236,323
"Freer city, Texas",2752,15,11,80,29
"Fresno CDP, Texas",21733,24,173,103,178
"Friendswood city, Texas",37222,113,164,112,145
"Friona city, Texas",3903,43,43,10,71
"Frisco city, Texas",137306,377,240,159,389
"Fritch city, Texas",2977,6,22,3,27
"Fronton CDP, Texas",154,0,0,5,0
"Fronton Ranchettes CDP, Texas",155,18,0,10,11
Texas -- In micropolitan statistical area -- in principal city,726160,12455,7125,17163,13540
"Edwards County, Texas",1894,9,7,5,11
"Frost city, Texas",627,0,0,10,16
"Fruitvale city, Texas",546,0,0,11,14
"Fulshear city, Texas",3219,12,0,2,0
"Fulton town, Texas",1302,14,3,19,12
"Gail CDP, Texas",326,0,0,0,0
"Gainesville city, Texas",15678,92,178,236,377
"Galena Park city, Texas",11081,64,104,192,170
"Gallatin city, Texas",347,0,7,5,0
"Galveston city, Texas",45415,823,770,1060,860
"Ganado city, Texas",1754,12,55,30,33
"Ellis County, Texas",154910,865,1021,1222,1820
"Garceno CDP, Texas",592,50,0,0,0
"Garciasville CDP, Texas",55,0,0,0,11
"Garden City CDP, Texas",292,0,0,0,0
"Gardendale CDP, Texas",1342,0,0,0,0
"Garden Ridge city, Texas",3533,0,0,0,1
"Garfield CDP, Texas",1535,0,18,0,63
"Garland city, Texas",233032,1852,2264,2585,3620
"Garrett town, Texas",845,0,38,22,42
"Garrison city, Texas",802,24,5,17,8
"Gary City town, Texas",305,1,0,9,7
"El Paso County, Texas",816100,10072,8499,12634,13484
"Garza-Salinas II CDP, Texas",753,54,0,15,13
"Gatesville city, Texas",7442,79,60,62,124
"Georgetown city, Texas",54232,175,219,363,148
"George West city, Texas",2310,39,4,31,15
"Geronimo CDP, Texas",1432,34,0,43,0
"Gholson city, Texas",847,8,3,21,14
"Giddings city, Texas",4783,48,25,128,83
"Gilmer city, Texas",4818,43,31,27,29
"Girard CDP, Texas",31,0,0,0,0
"Gladewater city, Texas",6130,156,118,232,30
"Erath County, Texas",38270,1439,325,2513,421
"Glenn Heights city, Texas",11788,50,89,70,121
"Glen Rose city, Texas",2358,3,14,25,14
"Glidden CDP, Texas",443,16,0,0,5
"Godley city, Texas",1237,25,10,30,18
"Goldsmith city, Texas",208,0,1,0,5
"Goldthwaite city, Texas",2018,13,0,10,14
"Goliad city, Texas",2027,5,33,13,11
"Golinda city, Texas",500,5,28,0,3
"Gonzales city, Texas",7144,139,102,78,174
"Goodlow city, Texas",209,3,0,0,5
"Falls County, Texas",15504,231,127,266,105
"Goodrich city, Texas",260,0,5,7,6
"Gordon city, Texas",450,0,12,0,4
"Goree city, Texas",258,0,1,4,0
"Gorman city, Texas",865,0,2,17,0
"Graford city, Texas",705,5,11,9,3
"Graham city, Texas",8712,22,114,41,99
"Granbury city, Texas",8065,43,39,130,50
"Grandfalls town, Texas",331,0,0,0,9
"Grand Prairie city, Texas",182573,1322,1365,1824,2089
"Grand Saline city, Texas",2868,24,38,54,78
"Fannin County, Texas",30810,291,286,318,398
"Grandview city, Texas",1361,0,13,9,46
"Granger city, Texas",1404,5,16,5,36
"Granite Shoals city, Texas",4988,42,277,130,137
"Granjeno city, Texas",288,1,5,0,7
"Grape Creek CDP, Texas",2920,21,16,23,0
"Grapeland city, Texas",1784,32,7,20,20
"Grapevine city, Texas",49298,220,417,242,642
"Grays Prairie village, Texas",349,0,0,0,0
"Greatwood CDP, Texas",12198,0,0,17,16
"Green Valley Farms CDP, Texas",451,0,0,0,0
"Fayette County, Texas",24395,42,85,134,158
"Greenville city, Texas",25164,380,326,450,495
"Gregory city, Texas",2137,7,18,62,28
"Grey Forest city, Texas",540,0,0,0,0
"Groesbeck city, Texas",3696,60,87,43,144
"Groom town, Texas",553,0,0,0,0
"Groves city, Texas",15563,79,143,277,135
"Groveton city, Texas",1311,84,15,10,14
"Gruver city, Texas",1112,0,0,0,17
"Guadalupe Guerra CDP, Texas",13,0,0,0,0
"Guerra CDP, Texas",0,0,0,0,0
"Fisher County, Texas",3806,57,41,45,40
"Gun Barrel City city, Texas",5856,34,87,32,108
"Gunter city, Texas",1269,14,42,6,32
"Gustine town, Texas",574,8,12,19,11
"Guthrie CDP, Texas",147,0,0,0,0
"Gutierrez CDP, Texas",21,0,0,0,0
"Hackberry town, Texas",1527,13,0,26,16
"Hale Center city, Texas",2441,29,18,25,29
"Hallettsville city, Texas",2381,5,0,0,40
"Hallsburg city, Texas",536,0,9,0,8
"Hallsville city, Texas",3888,0,47,0,44
"Floyd County, Texas",6126,37,63,122,105
"Haltom City city, Texas",43285,273,259,340,760
"Hamilton city, Texas",2798,45,16,0,20
"Hamlin city, Texas",1579,6,10,19,57
"Happy town, Texas",754,4,22,32,0
"Hardin city, Texas",854,8,6,11,33
"Hargill CDP, Texas",380,29,24,9,20
"Harker Heights city, Texas",27990,381,380,75,352
"Harlingen city, Texas",64703,844,1283,1169,1378
"Harper CDP, Texas",1035,0,16,0,13
"Hart city, Texas",1216,8,4,17,12
"Foard County, Texas",1164,4,4,5,15
"Hartley CDP, Texas",637,0,0,0,21
"Haskell city, Texas",2452,0,32,0,94
"Haslet city, Texas",1561,9,0,0,0
"Havana CDP, Texas",516,24,8,38,8
"Hawk Cove city, Texas",396,2,5,1,4
"Hawkins city, Texas",1431,58,0,6,3
"Hawley city, Texas",612,0,2,0,5
"Hays city, Texas",333,0,0,0,0
"H. Cuellar Estates CDP, Texas",27,0,0,0,0
"Hearne city, Texas",4439,43,3,91,19
Texas -- In micropolitan statistical area -- not in principal city,799609,6691,6282,8938,9724
"Fort Bend County, Texas",652259,2556,2790,3452,4443
"Heath city, Texas",7793,0,0,0,10
"Hebbronville CDP, Texas",4583,42,106,45,20
"Hebron town, Texas",475,0,0,0,0
"Hedley city, Texas",384,1,8,17,0
"Hedwig Village city, Texas",2646,0,17,5,4
"Heidelberg CDP, Texas",1806,59,86,22,26
"Helotes city, Texas",8125,24,19,0,0
"Hemphill city, Texas",1355,11,37,0,27
"Hempstead city, Texas",6343,576,33,291,156
"Henderson city, Texas",11340,0,32,152,151
"Franklin County, Texas",10491,139,53,51,97
"Henrietta city, Texas",2977,53,67,9,33
"Hereford city, Texas",14992,193,208,209,343
"Hermleigh CDP, Texas",381,3,0,0,3
"Hewitt city, Texas",13916,34,44,78,94
"Hickory Creek town, Texas",3774,12,0,0,0
"Hico city, Texas",1363,1,10,24,0
"Hidalgo city, Texas",13286,208,73,263,120
"Hideaway city, Texas",3026,0,0,0,0
"Higgins city, Texas",466,4,1,0,0
"Highland Haven city, Texas",451,0,0,0,0
"Freestone County, Texas",18007,118,125,120,181
"Highland Park town, Texas",8906,64,36,0,44
"Highlands CDP, Texas",7492,39,47,35,143
"Highland Village city, Texas",15693,45,4,11,19
"Hill Country Village city, Texas",791,0,3,4,0
"Hillcrest village, Texas",762,2,9,0,1
"Hillsboro city, Texas",7705,50,166,258,173
"Hillside Acres CDP, Texas",0,0,0,0,0
"Hilltop CDP (Frio County), Texas",226,0,0,0,0
"Hilltop CDP (Starr County), Texas",29,0,0,0,0
"Hilltop Lakes CDP, Texas",985,0,0,0,0
"Frio County, Texas",15034,237,165,140,384
"Hilshire Village city, Texas",727,0,0,0,0
"Hitchcock city, Texas",7268,23,50,147,147
"Holiday Beach CDP, Texas",453,0,0,0,0
"Holiday Lakes town, Texas",936,17,2,6,42
"Holland town, Texas",1036,18,27,17,24
"Holliday city, Texas",1614,23,12,14,37
"Holly Lake Ranch CDP, Texas",2926,0,0,0,0
"Hollywood Park town, Texas",3198,0,0,0,0
"Homestead Meadows North CDP, Texas",4558,126,61,62,202
"Homestead Meadows South CDP, Texas",5770,34,18,204,79
"Gaines County, Texas",18782,125,83,123,282
"Hondo city, Texas",6624,140,40,162,116
"Honey Grove city, Texas",1975,34,16,16,6
"Hooks city, Texas",2757,11,72,17,69
"Horizon City city, Texas",18940,151,131,268,297
"Hornsby Bend CDP, Texas",7403,0,60,50,50
"Horseshoe Bay city, Texas",3454,0,0,0,18
"Horseshoe Bend CDP, Texas",636,0,22,0,0
"Houston city, Texas",2185751,24063,29507,32972,43541
"Howardwick city, Texas",440,0,1,2,12
"Howe town, Texas",2567,20,0,59,81
"Galveston County, Texas",301862,1738,1976,3022,3429
"Hubbard city, Texas",1609,14,6,37,27
"Hudson city, Texas",4771,37,83,102,60
"Hudson Bend CDP, Texas",2823,0,0,6,36
"Hudson Oaks city, Texas",2093,8,0,3,6
"Hughes Springs city, Texas",1798,31,25,26,37
"Hull CDP, Texas",514,0,0,0,0
"Humble city, Texas",15262,104,135,160,311
"Hungerford CDP, Texas",64,0,8,0,0
"Hunters Creek Village city, Texas",4620,0,0,0,38
"Huntington city, Texas",2151,0,8,5,59
"Garza County, Texas",4148,31,31,8,8
"Huntsville city, Texas",25315,2283,223,2644,644
"Hurst city, Texas",38121,162,237,333,604
"Hutchins city, Texas",3988,16,62,52,54
"Hutto city, Texas",20030,34,44,85,162
"Huxley city, Texas",377,0,1,6,3
"Iago CDP, Texas",76,0,0,0,0
"Idalou city, Texas",2369,4,34,5,46
"Iglesia Antigua CDP, Texas",421,0,14,28,12
"Impact town, Texas",11,0,0,0,0
"Imperial CDP, Texas",345,0,0,0,16
"Gillespie County, Texas",25012,145,180,123,93
"Indian Hills CDP, Texas",2876,171,131,53,24
"Indian Lake town, Texas",913,6,13,24,29
"Indian Springs CDP, Texas",807,0,0,20,31
"Indio CDP, Texas",0,0,0,0,0
"Industry city, Texas",231,0,0,2,0
"Inez CDP, Texas",2127,8,0,6,34
"Ingleside city, Texas",9450,36,58,87,91
"Ingleside on the Bay city, Texas",565,0,0,0,0
"Ingram city, Texas",2010,31,21,0,11
"Iola city, Texas",482,3,0,1,2
"Glasscock County, Texas",1180,0,0,0,0
"Iowa Colony village, Texas",1216,0,16,3,11
"Iowa Park city, Texas",6358,0,32,14,27
"Iraan city, Texas",1206,5,3,13,2
"Iredell city, Texas",372,0,0,7,0
"Irving city, Texas",227336,1498,1964,2186,3632
"Italy town, Texas",1859,20,19,21,39
"Itasca city, Texas",1619,0,32,25,38
"Ivanhoe city, Texas",1184,42,14,17,29
"Jacinto City city, Texas",10623,152,119,170,262
"Jacksboro city, Texas",3248,73,17,26,31
"Goliad County, Texas",7315,5,109,53,76
"Jacksonville city, Texas",14001,135,205,340,298
"Jamaica Beach city, Texas",1008,0,0,0,0
"Jardin de San Julian CDP, Texas",27,0,0,10,0
"Jarrell city, Texas",925,0,4,0,2
"Jasper city, Texas",7411,241,54,192,112
"Jayton city, Texas",564,0,4,0,5
"Jefferson city, Texas",2157,34,0,0,60
"Jersey Village city, Texas",7841,44,63,67,90
"Jewett city, Texas",1308,21,8,45,31
"J.F. Villareal CDP, Texas",37,0,0,0,0
